Supplier,Accepter,Transaction,Attribute,location,Supplier_word_vector_term,Transaction_word_vector_term,Accepter_word_vector_term,Supplier_word_vector_term2,Accepter_word_vector_term2,Transaction_word_vector_term2
Refinery,Asphalt plant,Residual oil,By-product,Brownsville,refinery,residual_oil,asphalt_plant,NA,asphalt,NA
Stone mining,Asphalt plant,Limestone,Product,Brownsville,,limestone,asphalt_plant,,asphalt,NA
Ballasts plant,Asphalt plant,Waste asphalt,By-product,Brownsville,,waste_asphalt,asphalt_plant,,asphalt,NA
Textile company,Plastic recycler,Scrap plastic,By-product,Brownsville,textile_company,scrap_plastic,plastic_recycling,textile_industry,plastic_recycling,scrap_plastic
Auto Parts,Plastic recycler,Scrap plastic,By-product,Brownsville,auto_parts,scrap_plastic,plastic_recycling,auto_parts,plastic_recycling,scrap_plastic
Plastic recycler,Discrete parts,Plastic pellets,Product,Brownsville,plastic_recycling,plastic_pellets,,plastic_recycling,,plastic_pellet
Discrete parts,Plastic recycler,Plastic flakes,By-product,Brownsville,,plastic_flakes,plastic_recycling,,plastic_recycling,plastic_flakes
Refinery,Power plant,Residual oil,By-product,Brownsville,refinery,residual_oil,power_plant,NA,NA,NA
Tank farm,Power plant,Condensate,By-product,Brownsville,tank_farm,condensate,power_plant,tank_farm,NA,NA
Refinery,Power plant,Condensate,By-product,Brownsville,refinery,condensate,power_plant,NA,NA,NA
Power plant,Refinery,Steam,Utility sharing,Brownsville,power_plant,steam,refinery,NA,NA,NA
Power plant,Tank farm,Steam,Utility sharing,Brownsville,power_plant,steam,tank_farm,NA,tank_farm,NA
Power plant,Gypsum wallboard,Gypsum,By-product,Brownsville,power_plant,gypsum,gypsum_wallboard,NA,NA,NA
Water pretreatment,Power plant,Water,Utility sharing,Brownsville,water_pretreatment,water,power_plant,water_pretreatment,NA,NA
Chemical plant,Gypsum wallboard,Gypsum,By-product,Brownsville,chemical_plant,gypsum,gypsum_wallboard,NA,NA,NA
Discrete parts,Oil recycling,Waste oil,By-product,Brownsville,,waste_oil,oil_recycling,,waste_oil_recycling_device,NA
Ballasts plant,Oil recycling,Waste oil,By-product,Brownsville,,waste_oil,oil_recycling,,waste_oil_recycling_device,NA
Ballasts plant,Solvent recycling plant,Waste solvent,By-product,Brownsville,,waste_solvent,solvent_recycling,,solvent_recycling,NA
Auto Parts,Solvent recycling plant,Waste solvent,By-product,Brownsville,auto_parts,waste_solvent,solvent_recycling,auto_parts,solvent_recycling,NA
Discrete parts,Solvent recycling plant,Waste solvent,By-product,Brownsville,,waste_solvent,solvent_recycling,,solvent_recycling,NA
Seafood processing plant,Textile company,Brown water,By-product,Brownsville,seafood_processing_industry,brown_water,textile_company,seafood_processing_industry,textile_industry,brown_water
Stone mining,Power plant,Limestone,Product,Brownsville,,limestone,power_plant,,NA,NA
Alcohol plant,Compound fertilizer plant,Alcohol residue,By-product,Guitang,alcohol_plant,alcohol_residue,compound_fertilizer,alcohol_production,compound_fertilizer,alcohol_residue
Alkali recovery plant,Calcium carbonate plant,White sludge,By-product,Guitang,alkali_recovery,,calcium_carbonate,alkali_recovery,calcium_carbonate,
Alkali recovery plant,Cement mill,White sludge,By-product,Guitang,alkali_recovery,,cement_mill,alkali_recovery,NA,
Alkali recovery plant,Pulp and Paper mills,Alkali,Product,Guitang,alkali_recovery,alkali,pulp_and_paper_mills,alkali_recovery,NA,NA
Calcium carbonate plant,Cement mill,Slag,By-product,Guitang,calcium_carbonate,slag,cement_mill,calcium_carbonate,NA,NA
Compound fertilizer plant,Sugarcane field,Compound fertilizer,By-product,Guitang,compound_fertilizer,compound_fertilizer,sugarcane_field,compound_fertilizer,sugarcane_field,NA
External sugar refineries,Alcohol plant,Molasses,Product,Guitang,sugar_refinery,molasses,alcohol_plant,sugar_refinery,alcohol_production,NA
External sugar refineries,Boiler House,Pith,By-product,Guitang,sugar_refinery,pith,boiler_house,sugar_refinery,industrial_boiler,NA
External sugar refineries,Pulp and Paper mills,Bagasse,By-product,Guitang,sugar_refinery,bagasse,pulp_and_paper_mills,sugar_refinery,NA,NA
Boiler House,Cement mill,Cool ash,Utility Sharing,Guitang,boiler_house,coal_ash,cement_mill,industrial_boiler,NA,coal_ash
Boiler House,Compound fertilizer plant,Cool ash,Utility Sharing,Guitang,boiler_house,coal_ash,compound_fertilizer,industrial_boiler,compound_fertilizer,coal_ash
Pulp and Paper mills,Alkali recovery plant,Black liquor,By-product,Guitang,pulp_and_paper_mills,black_liquor,alkali_recovery,NA,alkali_recovery,NA
Pulp and Paper mills,Boiler House,Mid-stream waste water,Utility Sharing,Guitang,pulp_and_paper_mills,,boiler_house,NA,industrial_boiler,
Pulp and Paper mills,White liquid treatment plant,White liquor,Utility Sharing,Guitang,pulp_and_paper_mills,white_liquor,,NA,,NA
Sugar mill,Boiler House,Pith,By-product,Guitang,sugar_mill,pith,boiler_house,sugar_mills,industrial_boiler,NA
Sugar mill,Pulp and Paper mills,Bagasse,By-product,Guitang,sugar_mill,bagasse,pulp_and_paper_mills,sugar_mills,NA,NA
Sugar mill,Sugar refinery,Sugarcane juice,Product,Guitang,sugar_mill,sugarcane_juice,sugar_refinery,sugar_mills,NA,NA
Sugar refinery,Alcohol plant,Molasses,Product,Guitang,sugar_refinery,molasses,alcohol_plant,NA,alcohol_production,NA
Sugar refinery,Calcium carbonate plant,Used CO2,By-product,Guitang,sugar_refinery,waste_co2,calcium_carbonate,NA,calcium_carbonate,waste_co2
Sugar refinery,Cement mill,Filter mud,By-product,Guitang,sugar_refinery,filter_mud,cement_mill,NA,NA,NA
Sugarcane field,Sugar mill,Sugarcane,Product,Guitang,sugarcane_field,sugarcane,sugar_mill,sugarcane_field,sugar_mills,NA
White liquid treatment plant,Pulp and Paper mills,Recovered fiber,By-product,Guitang,,recovered_fiber,pulp_and_paper_mills,,NA,
White liquid treatment plant,Pulp and Paper mills,Recovered water,By-product,Guitang,,recovered_water,pulp_and_paper_mills,,NA,NA
CIBA Specialty Chemicals,Alcoa World Alumina,Flocculant,Product,Kwinana2005,ciba_specialty_chemicals,flocculant,alumina_production,specialty_chemicals,alumina_production,NA
Wesfarmers LPG,BP Refinery,Condensate,By-product,Kwinana2005,lpg,condensate,oil_refinery,lpg,oil_refinery,NA
Wesfarmers LPG,CSBP,Natural gas,Product,Kwinana2005,lpg,natural_gas,csbp,lpg,,NA
Wesfarmers LPG,Tiwest Pigment Plant,LPG,Product,Kwinana2005,lpg,lpg,pigments,lpg,pigments,NA
Millennium Performance Chemicals,Tiwest Pigment Plant,Zirconium oxychloride,Product,Kwinana2005,,zirconium_oxychloride,pigments,,pigments,NA
Millennium Performance Chemicals,Tiwest Pigment Plant,Zirconium sulphate,Product,Kwinana2005,,zirconium_sulfate,pigments,,pigments,zirconium_sulfate
Cockburn Cement,Tyco Water,Cement,Product,Kwinana2005,cement_production_plant,cement,,cement_production_plant,,NA
Cockburn Cement,Summit Fertilizers,Lime,Product,Kwinana2005,cement_production_plant,lime,fertilizer_production,cement_production_plant,fertilizer_production,NA
Alcoa World Alumina,Australian Fused Materials,Alumina,Product,Kwinana2005,alumina_production,alumina,,alumina_production,,NA
Alcoa World Alumina,CooGee Chemicals,Alumina,Product,Kwinana2005,alumina_production,alumina,,alumina_production,,NA
Alcoa World Alumina,CSBP,Caustic soda,By-product,Kwinana2005,alumina_production,caustic_soda,csbp,alumina_production,,NA
Australian Fused Materials,Shinagawa Thermal Ceramics,Fused alumina,By-product,Kwinana2005,,fused_alumina,,,,fused_alumina
Australian Fused Materials,Shinagawa Thermal Ceramics,Silica fume,By-product,Kwinana2005,,silica_fume,,,,NA
Air Liquide,Wesfarmers LPG,Oxygen,Product,Kwinana2005,air_liquide,oxygen,lpg,industrial_gas,lpg,NA
Air Liquide,BOC Gases,Carbon dioxide,Product,Kwinana2005,air_liquide,carbon_dioxide,industrial_gas,industrial_gas,industrial_gas,NA
Air Liquide,BOC Gases,Oxygen,Product,Kwinana2005,air_liquide,oxygen,industrial_gas,industrial_gas,industrial_gas,NA
Air Liquide,Kwinana Power Station,Propane,Product,Kwinana2005,air_liquide,propane,power_station,industrial_gas,power_station,NA
Air Liquide,Kwinana Power Station,Oxygen,Product,Kwinana2005,air_liquide,oxygen,power_station,industrial_gas,power_station,NA
Air Liquide,Kwinana Power Station,Nitrogen,Product,Kwinana2005,air_liquide,nitrogen,power_station,industrial_gas,power_station,NA
Air Liquide,Kwinana Power Station,Hydrogen,Product,Kwinana2005,air_liquide,hydrogen,power_station,industrial_gas,power_station,NA
Air Liquide,Kwinana Power Station,Carbon dioxide,Product,Kwinana2005,air_liquide,carbon_dioxide,power_station,industrial_gas,power_station,NA
Air Liquide,CIBA Specialty Chemicals,Nitrogen,Product,Kwinana2005,air_liquide,nitrogen,ciba_specialty_chemicals,industrial_gas,specialty_chemicals,NA
Air Liquide,Wesfarmers LPG,Nitrogen,Product,Kwinana2005,air_liquide,nitrogen,lpg,industrial_gas,lpg,NA
Air Liquide,Alcoa World Alumina,Carbon dioxide,Product,Kwinana2005,air_liquide,carbon_dioxide,alumina_production,industrial_gas,alumina_production,NA
Air Liquide,BP Refinery,Oxygen,Product,Kwinana2005,air_liquide,oxygen,oil_refinery,industrial_gas,oil_refinery,NA
Air Liquide,WMC Nickel Refinery,Nitrogen,Product,Kwinana2005,air_liquide,nitrogen,nickel,industrial_gas,nickel,NA
Tiwest Pigment Plant,Nufarm-Coogee PTY LTD,Steam,By-product,Kwinana2005,pigments,steam,,pigments,,NA
Tiwest Pigment Plant,Nufarm-Coogee PTY LTD,Nitrogen,By-product,Kwinana2005,pigments,nitrogen,,pigments,,NA
Tiwest Pigment Plant,CooGee Chemicals,Hydrochloric acid,By-product,Kwinana2005,pigments,hydrochloric_acid,,pigments,,NA
Nufarm-Coogee PTY LTD,Nufarm Australia Limited,Caustic soda,Product,Kwinana2005,,caustic_soda,,,,NA
Nufarm-Coogee PTY LTD,Kwinana Power Station,Hydrochloric acid,Product,Kwinana2005,,hydrochloric_acid,power_station,,power_station,NA
Nufarm-Coogee PTY LTD,International Power Mitsui,Caustic soda,Product,Kwinana2005,,caustic_soda,,,,NA
Nufarm-Coogee PTY LTD,Nufarm Australia Limited,Hydrochloric acid,Product,Kwinana2005,,hydrochloric_acid,,,,NA
Nufarm-Coogee PTY LTD,Nufarm Australia Limited,Sodium hypochlorite,Product,Kwinana2005,,sodium_hypochlorite,,,,NA
Nufarm-Coogee PTY LTD,CooGee Chemicals,Caustic soda,Product,Kwinana2005,,caustic_soda,,,,NA
Nufarm-Coogee PTY LTD,Nufarm Australia Limited,Caustic soda,Product,Kwinana2005,,caustic_soda,,,,NA
Nufarm-Coogee PTY LTD,CSBP,Caustic soda,Product,Kwinana2005,,caustic_soda,csbp,,,NA
Nufarm-Coogee PTY LTD,WMC Nickel Refinery,Caustic soda,Product,Kwinana2005,,caustic_soda,nickel,,nickel,NA
CooGee Chemicals,Tiwest Pigment Plant,Sulphuric acid,Product,Kwinana2005,,sulphuric_acid,pigments,,pigments,NA
CooGee Chemicals,Alcoa World Alumina,Sulphuric acid,Product,Kwinana2005,,sulphuric_acid,alumina_production,,alumina_production,NA
CooGee Chemicals,Tiwest Pigment Plant,Sodium aluminate,Product,Kwinana2005,,sodium_aluminate,pigments,,pigments,NA
CooGee Chemicals,Millennium Performance Chemicals,Ammonium chloride,Product,Kwinana2005,,ammonium_chloride,,,,NA
CooGee Chemicals,Millennium Performance Chemicals,Sodium silicate,Product,Kwinana2005,,sodium_silicate,,,,NA
CooGee Chemicals,International Power Mitsui,Sulphuric acid,Product,Kwinana2005,,sulphuric_acid,,,,NA
CooGee Chemicals,WMC Nickel Refinery,Granulated products,Product,Kwinana2005,,granulated_product,nickel,,nickel,granulated_product
CooGee Chemicals,Summit Fertilizers,Ferrous sulphate,Product,Kwinana2005,,ferrous_sulphate,fertilizer_production,,fertilizer_production,NA
CooGee Chemicals,Summit Fertilizers,Sulphur,Product,Kwinana2005,,sulphur,fertilizer_production,,fertilizer_production,NA
CooGee Chemicals,WMC Nickel Refinery,Copper sulphate,Product,Kwinana2005,,copper_sulphate,nickel,,nickel,NA
CooGee Chemicals,Summit Fertilizers,Granulated products,Product,Kwinana2005,,granulated_product,fertilizer_production,,fertilizer_production,granulated_product
CooGee Chemicals,CSBP,Granulated products,Product,Kwinana2005,,granulated_product,csbp,,,granulated_product
CooGee Chemicals,Aventis Crop Sciences,Gasoline components,Product,Kwinana2005,,gasoline_components,,,,gasoline_components
CooGee Chemicals,Tiwest Pigment Plant,Sodium silicate,Product,Kwinana2005,,sodium_silicate,pigments,,pigments,NA
CooGee Chemicals,WMC Nickel Refinery,Sulphur,Product,Kwinana2005,,sulphur,nickel,,nickel,NA
CSBP,Millennium Performance Chemicals,Ammonia,Product,Kwinana2005,csbp,ammonia,,,,NA
CSBP,Millennium Performance Chemicals,Hydrochloric acid,Product,Kwinana2005,csbp,hydrochloric_acid,,,,NA
CSBP,Millennium Performance Chemicals,Sulphuric acid,By-product,Kwinana2005,csbp,sulphuric_acid,,,,NA
CSBP,CIBA Specialty Chemicals,Caustic soda,Product,Kwinana2005,csbp,caustic_soda,ciba_specialty_chemicals,,specialty_chemicals,NA
CSBP,CooGee Chemicals,Steam,By-product,Kwinana2005,csbp,steam,,,,NA
CSBP,Shinagawa Thermal Ceramics,Ammonia,Product,Kwinana2005,csbp,ammonia,,,,NA
CSBP,CooGee Chemicals,Ammonia,Product,Kwinana2005,csbp,ammonia,,,,NA
Aventis Crop Sciences,Millennium Performance Chemicals,Agricultural chemicals,Product,Kwinana2005,,agricultural_chemicals,,,,NA
BP Refinery,Air Liquide,Lube oil,Product,Kwinana2005,oil_refinery,lube_oil,air_liquide,oil_refinery,industrial_gas,lubrication_oil
BP Refinery,WMC Nickel Refinery,Hydrogen,Product,Kwinana2005,oil_refinery,hydrogen,nickel,oil_refinery,nickel,NA
BP Refinery,CSBP,Waxes,Product,Kwinana2005,oil_refinery,waxes,csbp,oil_refinery,,NA
BP Refinery,WMC Nickel Refinery,Diesel oils,Product,Kwinana2005,oil_refinery,diesel_oils,nickel,oil_refinery,nickel,diesel_oil
BP Refinery,WMC Nickel Refinery,Kerosenes,Product,Kwinana2005,oil_refinery,kerosene,nickel,oil_refinery,nickel,kerosene
BP Refinery,WMC Nickel Refinery,Molten sulphur,Product,Kwinana2005,oil_refinery,molten_sulphur,nickel,oil_refinery,nickel,sulphur
BP Refinery,CooGee Chemicals,Sulphur,Product,Kwinana2005,oil_refinery,sulphur,,oil_refinery,,NA
BP Refinery,International Power Mitsui,Fuel gas,Product,Kwinana2005,oil_refinery,fuel_gas,,oil_refinery,,NA
BP Refinery,CIBA Specialty Chemicals,Diesel oils,Product,Kwinana2005,oil_refinery,diesel_oils,ciba_specialty_chemicals,oil_refinery,specialty_chemicals,diesel_oil
BP Refinery,Tyco Water,Diesel oils,Product,Kwinana2005,oil_refinery,diesel_oils,,oil_refinery,,diesel_oil
BP Refinery,Tyco Water,Lube oil,Product,Kwinana2005,oil_refinery,lube_oil,,oil_refinery,,lubrication_oil
BP Refinery,Wesfarmers LPG,Lube oil,Product,Kwinana2005,oil_refinery,lube_oil,lpg,oil_refinery,lpg,lubrication_oil
BP Refinery,Summit Fertilizers,Waxes,Product,Kwinana2005,oil_refinery,waxes,fertilizer_production,oil_refinery,fertilizer_production,NA
WMC Nickel Refinery,Air Liquide,Carbon dioxide,By-product,Kwinana2005,nickel,carbon_dioxide,air_liquide,nickel,industrial_gas,NA
WMC Nickel Refinery,CSBP,Hydrogen,By-product,Kwinana2005,nickel,hydrogen,csbp,nickel,,NA
WMC Nickel Refinery,BOC Gases,Hydrogen,By-product,Kwinana2005,nickel,hydrogen,industrial_gas,nickel,industrial_gas,NA
WMC Nickel Refinery,Co-Operative Bulk Handling,Carbon dioxide,By-product,Kwinana2005,nickel,carbon_dioxide,bulk_handling,nickel,bulk_handling,NA
WMC Nickel Refinery,Summit Fertilizers,Ammonium sulphate,By-product,Kwinana2005,nickel,ammonium_sulphate,fertilizer_production,nickel,fertilizer_production,NA
WMC Nickel Refinery,Cockburn Cement,Calcium carbonate,By-product,Kwinana2005,nickel,calcium_carbonate,cement_production_plant,nickel,cement_production_plant,NA
BOC Gases,CSBP,Nitrogen,Product,Kwinana2005,industrial_gas,nitrogen,csbp,industrial_gas,,NA
BOC Gases,Shinagawa Thermal Ceramics,LPG,Product,Kwinana2005,industrial_gas,lpg,,industrial_gas,,NA
BOC Gases,Nufarm Australia Limited,Nitrogen,Product,Kwinana2005,industrial_gas,nitrogen,,industrial_gas,,NA
BOC Gases,Kwinana Power Station,Nitrogen,Product,Kwinana2005,industrial_gas,nitrogen,power_station,industrial_gas,power_station,NA
BOC Gases,Kwinana Power Station,Oxygen,Product,Kwinana2005,industrial_gas,oxygen,power_station,industrial_gas,power_station,NA
BOC Gases,Transfield SMP,Nitrogen,Product,Kwinana2005,industrial_gas,nitrogen,,industrial_gas,,NA
BOC Gases,Transfield SMP,Oxygen,Product,Kwinana2005,industrial_gas,oxygen,,industrial_gas,,NA
BOC Gases,Transfield SMP,LPG,Product,Kwinana2005,industrial_gas,lpg,,industrial_gas,,NA
BOC Gases,ONESTEEL Market Mills,Oxygen,Product,Kwinana2005,industrial_gas,oxygen,,industrial_gas,,NA
Kwinana Power Station,CIBA Specialty Chemicals,Demineralised water,Utility Sharing,Kwinana2005,power_station,demineralised_water,ciba_specialty_chemicals,power_station,specialty_chemicals,demineralized_water
Kwinana Power Station,CSBP,Demineralised water,Utility Sharing,Kwinana2005,power_station,demineralised_water,csbp,power_station,,demineralized_water
ONESTEEL Market Mills,Transfield SMP,Steel product,Product,Kwinana2005,,steel_product,,,,NA
International Power Mitsui,BP Refinery,Steam,Utility Sharing,Kwinana2005,,steam,oil_refinery,,oil_refinery,NA
Tiwest Pigment Plant,Nufarm-Coogee PTY LTD,Water,By-product,Kwinana2005,pigments,water,,pigments,,NA
Tiwest Pigment Plant,Nufarm-Coogee PTY LTD,Waste-water,By-product,Kwinana2005,pigments,wastewater,,pigments,,wastewater
CooGee Chemicals,Water Corporation,Sulphuric acid,Product,Kwinana2005,,sulphuric_acid,water_corporation,,water_corporation,NA
CSBP,CIBA Specialty Chemicals,Diesel oils,By-product,Kwinana2005,csbp,diesel_oils,ciba_specialty_chemicals,,specialty_chemicals,diesel_oil
WMC Nickel Refinery,CooGee Chemicals,Sulphuric acid,By-product,Kwinana2005,nickel,sulphuric_acid,,nickel,,NA
BOC Gases,CSBP,Oxygen,Product,Kwinana2005,industrial_gas,oxygen,csbp,industrial_gas,,NA
Tyco Water,Water Corporation,Steel pipes,Product,Kwinana2005,,steel_pipes,water_corporation,,water_corporation,NA
CIBA Specialty Chemicals,Alcoa World Alumina,Effluent,By-product,Kwinana2005,ciba_specialty_chemicals,effluent,alumina_production,specialty_chemicals,alumina_production,NA
CIBA Specialty Chemicals,Tiwest Pigment Plant,Flocculant,Product,Kwinana2005,ciba_specialty_chemicals,flocculant,pigments,specialty_chemicals,pigments,NA
Nufarm Australia Limited,International Power Mitsui,Sodium hydroxide,By-product,Kwinana2005,,sodium_hydroxide,,,,NA
Nufarm Australia Limited,International Power Mitsui,Sodium hypochlorite,By-product,Kwinana2005,,sodium_hypochlorite,,,,NA
Shinagawa Thermal Ceramics,Cockburn Cement,Refractories,Product,Kwinana2005,,refractories,cement_production_plant,,cement_production_plant,NA
Air Liquide,Hisemlt,Nitrogen,Product,Kwinana2005,air_liquide,nitrogen,,industrial_gas,,NA
Coogee Chemicals,Millennium Performance Chemicals,Sodium aluminate,Product,Kwinana2005,,sodium_aluminate,,,,NA
Coogee Chemicals,Hisemlt,Hydrochloric acid,By-product,Kwinana2005,,hydrochloric_acid,,,,NA
Coogee Chemicals,CSBP,Sulphuric acid,By-product,Kwinana2005,,sulphuric_acid,csbp,,,NA
Coogee Chemicals,WMC Nickel Refinery,Caustic soda,Product,Kwinana2005,,caustic_soda,nickel,,nickel,NA
CSBP,BOC Gases,Carbon dioxide,By-product,Kwinana2005,csbp,carbon_dioxide,industrial_gas,,industrial_gas,NA
CSBP,Water Corporation,Sodium hypochlorite,Product,Kwinana2005,csbp,sodium_hypochlorite,water_corporation,,water_corporation,NA
CSBP,International Power Mitsui,Sodium hypochlorite,Product,Kwinana2005,csbp,sodium_hypochlorite,,,,NA
BP Refinery,Co-operative Bulk Handling,Kerosenes,Product,Kwinana2005,oil_refinery,kerosene,bulk_handling,oil_refinery,bulk_handling,kerosene
BP Refinery,Co-operative Bulk Handling,Diesel oil,Product,Kwinana2005,oil_refinery,diesel_oil,bulk_handling,oil_refinery,bulk_handling,NA
BP Refinery,International Power Mitsui,Lube oil,Product,Kwinana2005,oil_refinery,lube_oil,,oil_refinery,,lubrication_oil
BP Refinery,CSBP,LPG,Product,Kwinana2005,oil_refinery,lpg,csbp,oil_refinery,,NA
BP Refinery,CSBP,Grease,Product,Kwinana2005,oil_refinery,grease,csbp,oil_refinery,,NA
BP Refinery,CSBP,Degreaser,Product,Kwinana2005,oil_refinery,degreaser,csbp,oil_refinery,,NA
BP Refinery,CSBP,Diesel oil,Product,Kwinana2005,oil_refinery,diesel_oil,csbp,oil_refinery,,NA
BP Refinery,WMC Nickel Refinery,Hydrogen,Product,Kwinana2005,oil_refinery,hydrogen,nickel,oil_refinery,nickel,NA
BP Refinery,International Power Mitsui,Diesel oil,Product,Kwinana2005,oil_refinery,diesel_oil,,oil_refinery,,NA
WMC Nickel Refinery,BP Refinery,Natural gas,By-product,Kwinana2005,nickel,natural_gas,oil_refinery,nickel,oil_refinery,NA
BOC Gases,Alcoa World Alumina,Carbon dioxide,Product,Kwinana2005,industrial_gas,carbon_dioxide,alumina_production,industrial_gas,alumina_production,NA
BOC Gases,WMC Nickel Refinery,Hydrogen,Product,Kwinana2005,industrial_gas,hydrogen,nickel,industrial_gas,nickel,NA
BOC Gases,WMC Nickel Refinery,Nitrogen,Product,Kwinana2005,industrial_gas,nitrogen,nickel,industrial_gas,nickel,NA
BOC Gases,Hisemlt,Nitrogen,Product,Kwinana2005,industrial_gas,nitrogen,,industrial_gas,,NA
BOC Gases,Hisemlt,Oxygen,Product,Kwinana2005,industrial_gas,oxygen,,industrial_gas,,NA
BOC Gases,Nufarm-Coogee PTY LTD,Nitrogen,Product,Kwinana2005,industrial_gas,nitrogen,,industrial_gas,,NA
BOC Gases,Nufarm-Coogee PTY LTD,Oxygen,Product,Kwinana2005,industrial_gas,oxygen,,industrial_gas,,NA
Water Corporation,Hisemlt,KWRP recycled water,Utility Sharing,Kwinana2005,water_corporation,recycled_water,,water_corporation,,recycled_water
Water Corporation,Tiwest Pigment Plant,KWRP recycled water,Utility Sharing,Kwinana2005,water_corporation,recycled_water,pigments,water_corporation,pigments,recycled_water
Kwinana Power Station,International Power Mitsui,Natural gas,Utility Sharing,Kwinana2005,power_station,natural_gas,,power_station,,NA
ONESTEEL Market Mills,Pacific Industrial Company,Steel products,Product,Kwinana2005,,steel_products,,,,NA
International Power Mitsui,BP Refinery,Waste water,By-product,Kwinana2005,,waste_water,oil_refinery,,oil_refinery,NA
Colmec,Goran Arsjo Dackstommar,Tyres,Product,Norrkoping,,tyres,,,,NA
Goran Arsjo Dackstommar,E.ON,Rubber,By-product,Norrkoping,,rubber,e.on,,power_plant,NA
Biodiesel production,E.ON,Seed cake,Product,Norrkoping,biodiesel_production,seed_cake,e.on,NA,power_plant,seed_cake
Biodiesel production,Svensk Biogas,Glycerin,Product,Norrkoping,biodiesel_production,glycerin,biogas_production,NA,biogas_production,NA
Svensk Biogas,Norrkopings kommun,Vehicle gas,Product,Norrkoping,biogas_production,vehicle_gas,,biogas_production,,vehicle_gas
Svensk Biogas,Agriculture,Biofertilizer,Product,Norrkoping,biogas_production,biofertilizer,agriculture,biogas_production,NA,NA
Norrkopings kommun,E.ON,Hh-waste,Utility Sharing,Norrkoping,,,e.on,,power_plant,
Norrkopings kommun,E.ON,Biogas,Product,Norrkoping,,biogas,e.on,,power_plant,NA
Norrkopings kommun,Econova,Sludge,Utility Sharing,Norrkoping,,sludge,,,,NA
E.ON,Norrkopings kommun,District heating,Utility Sharing,Norrkoping,e.on,district_heating,,power_plant,,district_heating
E.ON,Norrkopings kommun,Vehicle gas,Product,Norrkoping,e.on,vehicle_gas,,power_plant,,vehicle_gas
E.ON,Biodiesel production,Steam,Utility Sharing,Norrkoping,e.on,steam,biodiesel_production,power_plant,NA,NA
E.ON,Agroetanol,Steam,Utility Sharing,Norrkoping,e.on,steam,bioethanol_production,power_plant,bioethanol_production,NA
E.ON,Econova,Ashes,Utility Sharing,Norrkoping,e.on,ashes,,power_plant,,NA
E.ON,Econova,Waste,Utility Sharing,Norrkoping,e.on,waste,,power_plant,,NA
Agroetanol,Svensk Biogas,Stillage,By-product,Norrkoping,bioethanol_production,stillage,biogas_production,bioethanol_production,biogas_production,NA
Agroetanol,Agriculture,Stillage,By-product,Norrkoping,bioethanol_production,stillage,agriculture,bioethanol_production,NA,NA
Agriculture,Agroetanol,Wheat,Product,Norrkoping,agriculture,wheat,bioethanol_production,NA,bioethanol_production,NA
Graphic packaging,Econova,Reject,Utility Sharing,Norrkoping,,reject,,,,NA
Graphic packaging,Econova,Sludge,Utility Sharing,Norrkoping,,sludge,,,,NA
Econova,E.ON,Biofuel,Utility Sharing,Norrkoping,,biofuel,e.on,,power_plant,NA
Cleanaway,E.ON,"Paper,glue",Utility Sharing,Norrkoping,cleanaway,,e.on,,power_plant,
Cleanaway,Rosti-Pripac,Pet,Product,Norrkoping,cleanaway,pet,,,,NA
Returpack,Cleanaway,Pet-bottles,Product,Norrkoping,,pet_bottles,cleanaway,,,pet_bottles
Returpack,Graphic Packaging,Carboard,Product,Norrkoping,,cardboard,,,,cardboard
IL Recycling,Graphic Packaging,Carboard,Product,Norrkoping,,cardboard,,,,cardboard
IL Recycling,Holmen Paper,Newspaper,Product,Norrkoping,,newspaper,paper_mill,,paper_mill,NA
Holmen Paper,Econova,Sludge,Utility Sharing,Norrkoping,paper_mill,sludge,,paper_mill,,NA
Holmen Paper,Econova,Fibre sludge,Utility Sharing,Norrkoping,paper_mill,fibre_sludge,,paper_mill,,fibre_sludge
Tidnings-Retur,Holmen Paper,Newspaper,Product,Norrkoping,,newspaper,paper_mill,,paper_mill,NA
Forestry,E.ON,Wood chips,By-product,Norrkoping,forestry,wood_chips,e.on,NA,power_plant,NA
Forestry,Holmen Paper,Wood chips,By-product,Norrkoping,forestry,wood_chips,paper_mill,NA,paper_mill,NA
Shengyang Chemical Co. Ltd,Purifying agent,H2SO4,Product,Tiexi,,h2so4,purifying_agent,,NA,NA
Shengyang Chemical Co. Ltd,Cement Plant,Carbide slag(Le),By-product,Tiexi,,carbide_slag,cement_plant,,NA,carbide_slag
Shengyang Chemical Co. Ltd,Electroplating Factory,Waste HCl(Le),By-product,Tiexi,,hcl,electroplating_factory,,electroplating_industry,hcl
Northeast General Pharmaceutical Factory,Purifying agent,Aluminous slag(Lc),By-product,Tiexi,pharmaceutical_industry,aluminum_slag,purifying_agent,pharmaceutical_industry,NA,aluminum_slag
Northeast General Pharmaceutical Factory,Cement Plant,Carbide slag(Le),By-product,Tiexi,pharmaceutical_industry,carbide_slag,cement_plant,pharmaceutical_industry,NA,carbide_slag
Northeast General Pharmaceutical Factory,Activated Carbon Plant,waste activated carbon(Le),By-product,Tiexi,pharmaceutical_industry,waste_activated_carbon,activated_carbon,pharmaceutical_industry,activated_carbon,waste_activated_carbon
Northeast General Pharmaceutical Factory,Electroplating Factory,Waste HCl(Le),By-product,Tiexi,pharmaceutical_industry,hcl,electroplating_factory,pharmaceutical_industry,electroplating_industry,hcl
Northeast General Pharmaceutical Factory,Feed Plant,Waste liquid(Le),By-product,Tiexi,pharmaceutical_industry,waste_liquid,animal_feed,pharmaceutical_industry,animal_feed,waste_liquid
Northeast General Pharmaceutical Factory,Chemical Plant,Yeast Liquor(le),By-product,Tiexi,pharmaceutical_industry,,chemical_plant,pharmaceutical_industry,NA,
Northeast General Pharmaceutical Factory,Feed Group,Mycelium (Le),By-product,Tiexi,pharmaceutical_industry,mycelium,animal_feed,pharmaceutical_industry,animal_feed,mycelium
Northeast General Pharmaceutical Factory,Cement Plant,Acid methyl sodium(Le),By-product,Tiexi,pharmaceutical_industry,,cement_plant,pharmaceutical_industry,NA,
Shenyang Hongmei monosodium glutamate Co. Ltd,Instant Noodles,Sieving powder (Le),Product,Tiexi,monosodium_glutamate,,instant_noodles,monosodium_glutamate,instant_noodle,
Shenyang Hongmei monosodium glutamate Co. Ltd,Feed Group,Waste sugar slag(Le),By-product,Tiexi,monosodium_glutamate,sugar_residue,animal_feed,monosodium_glutamate,animal_feed,sugar_residue
Shenyang Hongmei monosodium glutamate Co. Ltd,Activated Carbon Plant,Waste Carbon (Le),By-product,Tiexi,monosodium_glutamate,waste_carbon,activated_carbon,monosodium_glutamate,activated_carbon,waste_carbon
Equipment manufacturing industry,Organic Waste Recycling center,Waste emulsion (Le),Utility sharing,Tiexi,,waste_emulsion,organic_waste_recycling,,organic_waste_recycling,waste_emulsion
Purifying agent,Sewage Plant,FeSO4,Product,Tiexi,purifying_agent,feso4,sewage_plant,NA,NA,NA
Purifying agent,Sewage Plant,Al2(SO4)3,Product,Tiexi,purifying_agent,al2(so4)3,sewage_plant,NA,NA,NA
Cornstarch factory,Shenyang Hongmei monosodium glutamate Co. Ltd,Corn syrup(Le),Product,Tiexi,corn_starch,corn_syrup,monosodium_glutamate,corn_starch,monosodium_glutamate,corn_syrup
Cornstarch factory,Northeast General Pharmaceutical Factory,Corn syrup(Le),Product,Tiexi,corn_starch,corn_syrup,pharmaceutical_industry,corn_starch,pharmaceutical_industry,corn_syrup
Thermal Power Plant,Feed Plant,Steam (Le),Utility sharing,Tiexi,thermal_power_plant,waste_steam,animal_feed,NA,animal_feed,waste_steam
Thermal Power Plant,Cement Plant,Fly Ash(Le),By-product,Tiexi,thermal_power_plant,fly_ash,cement_plant,NA,NA,fly_ash
Thermal Power Plant,Brick Plant,Fly Ash(Le),By-product,Tiexi,thermal_power_plant,fly_ash,brick_making,NA,brick_making,fly_ash
Feed Plant,Agricultural production,Feed (Le),Product,Tiexi,animal_feed,animal_feed,agricultural_production,animal_feed,NA,animal_feed
Poultry and livestock,Feed Plant,Excreta (Le),By-product,Tiexi,livestock_and_poultry_farm,excreta,animal_feed,livestock_and_poultry_farm,animal_feed,excreta
Feed group,Poultry and livestock,Feed(Lp),Product,Tiexi,animal_feed,animal_feed,livestock_and_poultry_farm,animal_feed,livestock_and_poultry_farm,animal_feed
Mechanical Parts Plant,Equipment manufacturing industry,Mechanical Parts(Lp),Product,Tiexi,,,,,,
Mechanical Parts Plant,Hardware recycle plant,Steel scrap(Le),By-product,Tiexi,,steel_scrap,,,,steel_scrap
Electroplating factory,Equipment manufacturing industry,Electroplated parts(Lp),Product,Tiexi,electroplating_factory,electroplating_industry,,electroplating_industry,,electroplating_industry
Casting plant,Equipment manufacturing industry,Casting (Lp),Product,Tiexi,casting_process,castings,,casting_process,,castings
Sewage Plant,Agricultural production,Reclaimed water(Le),Utility sharing,Tiexi,sewage_plant,reclaimed_water,agricultural_production,NA,NA,reclaimed_water
Agricultural production,Cornstarch factory,Corn(Lp),Product,Tiexi,agricultural_production,corn,corn_starch,NA,corn_starch,corn
Agricultural production,Shenyang Huarun Xuehua Beer Corporation Ltd,Barley (Lp),Product,Tiexi,agricultural_production,barley,beer,NA,beer,barley
Shenyang Huarun Xuehua Beer Corporation Ltd,Feed Group,Waste yeast(Le),By-product,Tiexi,beer,waste_yeast,animal_feed,beer,animal_feed,waste_yeast
Shenyang Huarun Xuehua Beer Corporation Ltd,Feed Group,Grain stillage,By-product,Tiexi,beer,grain_stillage,animal_feed,beer,animal_feed,stillage
Hardware recycle plant,Purifying agent,Scrap metal (Le),By-product,Tiexi,,scrap_metal,purifying_agent,,NA,scrap_metal
Metal processing plant,Hardware recycle plant,Steel scrap(Le),By-product,Tiexi,metal_processing,steel_scrap,,metal_processing,,steel_scrap
Cocacola company,Activated Carbon Plant,waste activated carbon(Le),By-product,Tiexi,,waste_activated_carbon,activated_carbon,,activated_carbon,waste_activated_carbon
Organic Waste Recycling center,Equipment manufacturing industry,Emulsion,Product,Tiexi,organic_waste_recycling,emulsion,,organic_waste_recycling,,NA
Hardware recycle plant,Mechanical Parts Plant,Steel,Product,Tiexi,,steel,,,,NA
Hardware recycle plant,Metal processing plant,Steel,Product,Tiexi,,steel,metal_processing,,metal_processing,NA
Medical waste mng G,Mecroalgae producer,Co2,By-product,Chamusca,medical_waste_treatment,co2,microalgae_cultivation,medical_waste_treatment,microalgae_cultivation,NA
Medical waste mng G,"Medical packing processer J,U",Packaging,Product,Chamusca,medical_waste_treatment,packaging,,medical_waste_treatment,,NA
"Medical packing processer J,U",Medical waste mng G,Medical waste,By-product,Chamusca,,medical_waste,medical_waste_treatment,,medical_waste_treatment,NA
Container refurbishment K,CIRVER 1,Contianers,Product,Chamusca,,containers,,,,containers
Paper pulp producer,Fertilizer Producer E,Ash,By-product,Chamusca,paper_pulp,ash,fertilizer_production,paper_pulp,fertilizer_production,NA
MWM,Paper pulp producer,Biomass,Product,Chamusca,mwm,biomass,paper_pulp,,paper_pulp,NA
MWM,RDF Plant H,Rdf material,Product,Chamusca,mwm,rdf_material,refuse_derived_fuel,,refuse_derived_fuel,refuse_derived_fuel
MWM,Plastic recycler A,Plastics,Product,Chamusca,mwm,plastics,plastic_recycling,,plastic_recycling,NA
IWM,Plastic recycler A,Plastics,By-product,Chamusca,iwm,plastics,plastic_recycling,,plastic_recycling,NA
CIRVER 1,IWM,Soils,By-product,Chamusca,,soils,iwm,,,NA
CIRVER 1,Container refurbishment K,Contianers,By-product,Chamusca,,containers,,,,containers
ELV disassembler C,CIRVER 1,Oils,Product,Chamusca,,oils,,,,NA
ELV disassembler C,Battery recycler F,Batteries and oil filters,Product,Chamusca,,waste_oil_filter,battery_recycling,,battery_recycling,waste_oil_filter
Aluminium slag processer D,ELV disassembler C,Ferrous metals,Product,Chamusca,aluminum_slag,ferrous_metals,,aluminum_slag,,NA
Battery recycler F,CIRVER 2,Acids,Product,Chamusca,battery_recycling,acids,,battery_recycling,,NA
Battery recycler F,Civil explosives,Lead,Product,Chamusca,battery_recycling,lead,explosives,battery_recycling,explosives,NA
ELV disassembler B,CIRVER 1,Oils,Product,Chamusca,,oils,,,,NA
ELV disassembler B,Battery recycler F,Batteries and oil filters,Product,Chamusca,,waste_oil_filter,battery_recycling,,battery_recycling,waste_oil_filter
Biomass processer Q,Paper pulp producer,Biomass,Product,Chamusca,biomass_processing,biomass,paper_pulp,biomass_processing,paper_pulp,NA
"ELV disassemblers N,M",Plastic recycler A,Plastics,Product,Chamusca,,plastics,plastic_recycling,,plastic_recycling,NA
"ELV disassemblers N,M",Battery recycler F,Batteries and oil filters,Product,Chamusca,,waste_oil_filter,battery_recycling,,battery_recycling,waste_oil_filter
Construction materials T,CDW processer L,Stone cuttings,Product,Chamusca,construction_materials,stone_cutting,demolition_waste,construction_materials,demolition_waste,stone_cutting
Local farms,Fertilizer Producer E,Food waste,By-product,Chamusca,local_farms,food_waste,fertilizer_production,farm,fertilizer_production,NA
Aviary R,"Fertilizer Producer P,Q",Sludge,By-product,Chamusca,,sludge,fertilizer_production,,fertilizer_production,NA
Wastewater treatment facilities,"Fertilizer Producer P,Q",Sludge,By-product,Chamusca,wastewater_treatment_facilities,sludge,fertilizer_production,NA,fertilizer_production,NA
Reservoir of Lake Tisse,The Municipality of Kalundborg,Surface water,Utility sharing,Kalundborg,water_reservoir,surface_water,municipality,water_reservoir,municipality,NA
The Municipality of Kalundborg,Statoil Refinery,Surface water,Utility sharing,Kalundborg,municipality,surface_water,petroleum_refinery,municipality,petroleum_refinery,NA
Statoil Refinery,Gyproc,Gas,Product,Kalundborg,petroleum_refinery,gas,gypsum_board,petroleum_refinery,gypsum_board,NA
The Municipality of Kalundborg,Dong Energy asnaes Power station,Surface water,Utility sharing,Kalundborg,municipality,surface_water,coal_fired_power_plant,municipality,coal_fired_power_plant,NA
Novozymes/Novo Nordisk,Farms1,Biomass,By-product,Kalundborg,biotechnology,biomass,farm,biotechnology,farm,NA
Dong Energy asnaes Power station,Cement industry,Fly ash,By-product,Kalundborg,coal_fired_power_plant,fly_ash,cement_industry,coal_fired_power_plant,NA,NA
Dong Energy asnaes Power station,Fish farm,Heat,By-product,Kalundborg,coal_fired_power_plant,heat,fish_farm,coal_fired_power_plant,NA,NA
Dong Energy asnaes Power station,The Municipality of Kalundborg,Heat,By-product,Kalundborg,coal_fired_power_plant,heat,municipality,coal_fired_power_plant,municipality,NA
Dong Energy asnaes Power station,Novozymes/Novo Nordisk,Steam,Utility sharing,Kalundborg,coal_fired_power_plant,steam,biotechnology,coal_fired_power_plant,biotechnology,NA
Dong Energy asnaes Power station,Statoil Refinery,Steam,Utility sharing,Kalundborg,coal_fired_power_plant,steam,petroleum_refinery,coal_fired_power_plant,petroleum_refinery,NA
The Municipality of Kalundborg,Novozymes/Novo Nordisk,Surface water,Utility sharing,Kalundborg,municipality,surface_water,biotechnology,municipality,biotechnology,NA
Dong Energy asnaes Power station,Statoil Refinery,Cooling water,By-product,Kalundborg,coal_fired_power_plant,cooling_water,petroleum_refinery,coal_fired_power_plant,petroleum_refinery,NA
Novozymes/Novo Nordisk,Pig farms,Yeast slurry,By-product,Kalundborg,biotechnology,yeast_sludge,pig_farms,biotechnology,NA,yeast_sludge
Statoil Refinery,Fertilizer industry,Sulphur fertilizer,By-product,Kalundborg,petroleum_refinery,sulfur_fertilizer,fertilizer_industry,petroleum_refinery,fertilizer_production,sulfur_fertilizer
Statoil Refinery,Dong Energy asnaes Power station,Tech-water,By-product,Kalundborg,petroleum_refinery,,coal_fired_power_plant,petroleum_refinery,coal_fired_power_plant,
Statoil Refinery,Dong Energy asnaes Power station,Gas,Product,Kalundborg,petroleum_refinery,gas,coal_fired_power_plant,petroleum_refinery,coal_fired_power_plant,NA
Dong Energy asnaes Power station,Gyproc,Gypsum,By-product,Kalundborg,coal_fired_power_plant,gypsum,gypsum_board,coal_fired_power_plant,gypsum_board,NA
The Municipality of Kalundborg,Waste water treatment,Waste water,Utility sharing,Kalundborg,municipality,waste_water,waste_water_treatment,municipality,NA,NA
Novozymes/Novo Nordisk,Waste water treatment,Waste water,Utility sharing,Kalundborg,biotechnology,waste_water,waste_water_treatment,biotechnology,NA,NA
Dong Energy asnaes Power station,Re-use basin,Drain water,Utility sharing,Kalundborg,coal_fired_power_plant,drain_water,,coal_fired_power_plant,,NA
Re-use basin,Dong Energy asnaes Power station,Drain water,Utility sharing,Kalundborg,,drain_water,coal_fired_power_plant,,coal_fired_power_plant,NA
Statoil Refinery,Re-use basin,Drain water,Utility sharing,Kalundborg,petroleum_refinery,drain_water,,petroleum_refinery,,NA
Waste water treatment,RGS 90,Sludge,By-product,Kalundborg,waste_water_treatment,sludge,,NA,,NA
Dong Energy asnaes Power station,Recovery of nickel and vanadium,Fly ash,By-product,Kalundborg,coal_fired_power_plant,fly_ash,,coal_fired_power_plant,,NA
Dong Energy asnaes Power station,Statoil Refinery,Deionized water,By-product,Kalundborg,coal_fired_power_plant,deionized_water,petroleum_refinery,coal_fired_power_plant,petroleum_refinery,NA
Purification of water,Novozymes/Novo Nordisk,Water,Utility sharing,Kalundborg,water_purification,water,biotechnology,water_purification,biotechnology,NA
Kara/Noveren,Gyproc,Waste gypsum,By-product,Kalundborg,,waste_gypsum,gypsum_board,,gypsum_board,NA
Novozymes/Novo Nordisk,Waste water treatment,Alko-hoilc Residue,By-product,Kalundborg,biotechnology,alcohol_residue,waste_water_treatment,biotechnology,NA,alcohol_residue
Dong Energy asnaes Power station,Statoil Refinery,Sea water,By-product,Kalundborg,coal_fired_power_plant,sea_water,petroleum_refinery,coal_fired_power_plant,petroleum_refinery,NA
Dong Energy asnaes Power station,Ibicon,Steam,Product,Kalundborg,coal_fired_power_plant,steam,,coal_fired_power_plant,,NA
Farms2,Ibicon,Straw,By-product,Kalundborg,farm,straw,,farm,,NA
Novozymes/Novo Nordisk,Ibicon,Enzymes,Product,Kalundborg,biotechnology,enzymes,,biotechnology,,NA
Novozymes/Novo Nordisk,The Municipality of Kalundborg,Condensate,By-product,Kalundborg,biotechnology,condensate,municipality,biotechnology,municipality,NA
Ibicon,Statoil Refinery,Bioethanol,Product,Kalundborg,,bioethanol,petroleum_refinery,,petroleum_refinery,NA
Pyroneer,Dong Energy asnaes Power station,Gasifier,Product,Kalundborg,,gasifier,coal_fired_power_plant,,coal_fired_power_plant,NA
Salt Farm,Aquaculture,Dilute Brine,Product,Lubei,,dilute_brine,aquaculture,,NA,brine_solution
Salt Farm,Power Plant,Sea water,Product,Lubei,,sea_water,power_plant,,NA,NA
Power Plant,Salt Farm,Hot Sea water,By-product,Lubei,power_plant,sea_water,,NA,,sea_water
Salt Farm,Bromine Production,Moderate Brine,Product,Lubei,,brine,bromine_production,,bromine,brine
Salt Farm,Salt Gypsum Production,Brine Residue,Product,Lubei,,brine_waste,,,,brine_waste
Salt Farm,Salt Production,Saturated Brine,Product,Lubei,,saturated_brine,salt_production,,NA,NA
Salt Farm,Chloro-Alkaline Production,Saturated Brine,Product,Lubei,,saturated_brine,,,,NA
Salt Farm,K+ and Mg+ Salts Production,Bittern,Product,Lubei,,bittern,potassium_salts,,potassium_salts,NA
Salt Gypsum Production,Clinker Production,Salt Gypsum,Product,Lubei,,,clinker_production,,NA,
(NH4)3PO4 Production,Clinker Production,Phosphogypsum (Wet),By-product,Lubei,ammonium_phosphate,phosphogypsum,clinker_production,ammonium_phosphate,NA,phosphogypsum
H2SO4 Production,(NH4)3PO4 Production,H2SO4,Product,Lubei,h2so4,h2so4,ammonium_phosphate,h2so4,ammonium_phosphate,NA
H2SO4 Production,Bromine Production,Liquid SO2,Product,Lubei,h2so4,liquid_so2,bromine_production,h2so4,bromine,so2
Clinker Production,H2SO4 Production,Kiln Gas(SO2),By-product,Lubei,clinker_production,kiln_gas,h2so4,NA,h2so4,kiln_gas
NH3 Production,(NH4)3PO4 Production,NH3,Product,Lubei,nh3_production,nh3,ammonium_phosphate,ammonia_synthesis,ammonium_phosphate,NA
NH3 Production,Clinker Production,Slag,By-product,Lubei,nh3_production,slag,clinker_production,ammonia_synthesis,NA,NA
Chloro-Alkaline Production,NH3 Production,H2,Product,Lubei,,h2,nh3_production,,ammonia_synthesis,NA
Chloro-Alkaline Production,Bromine Production,Cl2,Product,Lubei,,cl2,bromine_production,,bromine,NA
Power Plant,Clinker Production,Slag,By-product,Lubei,power_plant,slag,clinker_production,NA,NA,NA
Power Plant,(NH4)3PO4 Production,Electricity,Utility Sharing,Lubei,power_plant,electricity,ammonium_phosphate,NA,ammonium_phosphate,NA
Power Plant,NH3 Production,Electricity,Utility Sharing,Lubei,power_plant,electricity,nh3_production,NA,ammonia_synthesis,NA
Power Plant,H2SO4 Production,Electricity,Utility Sharing,Lubei,power_plant,electricity,h2so4,NA,h2so4,NA
Power Plant,Salt Farm,Electricity,Utility Sharing,Lubei,power_plant,electricity,,NA,,NA
Power Plant,Bromine Production,Electricity,Utility Sharing,Lubei,power_plant,electricity,bromine_production,NA,bromine,NA
Power Plant,Salt Gypsum Production,Electricity,Utility Sharing,Lubei,power_plant,electricity,,NA,,NA
Power Plant,Salt Production,Electricity,Utility Sharing,Lubei,power_plant,electricity,salt_production,NA,NA,NA
Power Plant,Chloro-Alkaline Production,Electricity,Utility Sharing,Lubei,power_plant,electricity,,NA,,NA
Power Plant,K+ and Mg+ Salts Production,Electricity,Utility Sharing,Lubei,power_plant,electricity,potassium_salts,NA,potassium_salts,NA
Power Plant,(NH4)3PO4 Production,Steam,Utility Sharing,Lubei,power_plant,steam,ammonium_phosphate,NA,ammonium_phosphate,NA
Power Plant,NH3 Production,Steam,Utility Sharing,Lubei,power_plant,steam,nh3_production,NA,ammonia_synthesis,NA
Power Plant,Chloro-Alkaline Production,Steam,Utility Sharing,Lubei,power_plant,steam,,NA,,NA
Coal Mining,Coal Preparation plant,Coal Ores,Product,ShanxiCoal,coal_mining,coal_ore,coal_preparation_plant,NA,coal_preparation_plants,coal_ore
Coal Mining,Coal Gasification plant,High Sulfur Coal,Product,ShanxiCoal,coal_mining,high_sulfur_coal,coal_gasification_plant,NA,coal_gasification,high_sulphur_coal
Coal Preparation Plant,Power Plant,Coal Gangue,By-product,ShanxiCoal,coal_preparation_plant,coal_gangue,power_plant,coal_preparation_plants,NA,NA
Coal Preparation Plant,Power Plant,Coal Sludge,By-product,ShanxiCoal,coal_preparation_plant,coal_sludge,power_plant,coal_preparation_plants,NA,NA
Coal Preparation Plant,Power Plant,Mid-graded Coal,Product,ShanxiCoal,coal_preparation_plant,coal,power_plant,coal_preparation_plants,NA,coal
Coal Preparation Plant,Coal Gasification plant,Mid-graded Coal,Product,ShanxiCoal,coal_preparation_plant,coal,coal_gasification_plant,coal_preparation_plants,coal_gasification,coal
Coal Preparation Plant,Coal Gasification plant,Coal Sludge,By-product,ShanxiCoal,coal_preparation_plant,coal_sludge,coal_gasification_plant,coal_preparation_plants,coal_gasification,NA
Coal Gasification plant,Purification plant,Synthesis gas,Product,ShanxiCoal,coal_gasification_plant,synthesis_gas,purification_plant,coal_gasification,NA,NA
Coal Gasification plant,Cement Production plant,slags,By-product,ShanxiCoal,coal_gasification_plant,slags,cement_production_plant,coal_gasification,NA,NA
Purification plant,Ammonia Synthesis Facility,Hydrogen,Product,ShanxiCoal,purification_plant,hydrogen,ammonia_synthesis,NA,ammonia_synthesis,NA
Ammonia Synthesis Facility,Ammonium Nitrate Production plant,Ammonia,Product,ShanxiCoal,ammonia_synthesis,ammonia,ammonium_nitrate,ammonia_synthesis,ammonium_nitrate,NA
Ammonia Synthesis Facility,Ammonium Nitrate Production plant,Nitric Acid,Product,ShanxiCoal,ammonia_synthesis,nitric_acid,ammonium_nitrate,ammonia_synthesis,ammonium_nitrate,NA
Ammonium Nitrate Production,Coal Mining,Explosives,Product,ShanxiCoal,ammonium_nitrate,explosives,coal_mining,ammonium_nitrate,NA,NA
Power Plant,Coal Gasification plant,Electricity,Utility sharing,ShanxiCoal,power_plant,electricity,coal_gasification_plant,NA,coal_gasification,NA
Power Plant,Coal Gasification plant,Steam,Utility sharing,ShanxiCoal,power_plant,steam,coal_gasification_plant,NA,coal_gasification,NA
Power Plant,Silica Production plant,Fly Ash,By-product,ShanxiCoal,power_plant,fly_ash,silica,NA,silica,NA
Power Plant,Coal Mining,Electricity,Utility sharing,ShanxiCoal,power_plant,electricity,coal_mining,NA,NA,NA
Power Plant,Coal Preparation Plant,Electricity,Utility sharing,ShanxiCoal,power_plant,electricity,coal_preparation_plant,NA,coal_preparation_plants,NA
Power Plant,Coal Mining,Steam,Utility sharing,ShanxiCoal,power_plant,steam,coal_mining,NA,NA,NA
Power Plant,Coal Preparation Plant,Steam,Utility sharing,ShanxiCoal,power_plant,steam,coal_preparation_plant,NA,coal_preparation_plants,NA
Power Plant,Silica Production plant,Electricity,Utility sharing,ShanxiCoal,power_plant,electricity,silica,NA,silica,NA
Power Plant,Alumina Production plant,Electricity,Utility sharing,ShanxiCoal,power_plant,electricity,alumina_production,NA,alumina_production,NA
Power Plant,Silica Production plant,Steam,Utility sharing,ShanxiCoal,power_plant,steam,silica,NA,silica,NA
Power Plant,Alumina Production plant,Steam,Utility sharing,ShanxiCoal,power_plant,steam,alumina_production,NA,alumina_production,NA
Power Plant,Cement Production plant,Ash,By-product,ShanxiCoal,power_plant,ash,cement_production_plant,NA,NA,NA
Power Plant,Building Material Production plant,Ash,By-product,ShanxiCoal,power_plant,ash,building_material,NA,building_material,NA
Power Plant,Si-Al-Ti Alloy Production plant,Fly Ash,By-product,ShanxiCoal,power_plant,fly_ash,,NA,,NA
Silica Production plant,Alumina Production plant,Desilicated Ash,By-product,ShanxiCoal,silica,,alumina_production,silica,alumina_production,
Alumina Production plant,Electrolysis Plant (Aluminum Production),Alumina,Product,ShanxiCoal,alumina_production,alumina,aluminium,alumina_production,aluminium,NA
Alumina Production plant,Cement Production plant,Alumina Red Mud,By-product,ShanxiCoal,alumina_production,alumina_red_mud,cement_production_plant,alumina_production,NA,red_mud
Alumina Production plant,Building Material Production plant,Alumina Red Mud,By-product,ShanxiCoal,alumina_production,alumina_red_mud,building_material,alumina_production,building_material,red_mud
Cement Production plant,Building Material Production plant,Cement,Product,ShanxiCoal,cement_production_plant,cement,building_material,NA,building_material,NA
Si-Al-Ti Alloy Production plant,Coal Mining,Coal Mine Fillings,By-product,ShanxiCoal,,mine_filling,coal_mining,,NA,mine_filling
Korea Zinc,LS-Nikko,NA,By-product,Ulsan,zinc_smelting,NA,,zinc_smelting,,NA
LS-Nikko,Korea Zinc,NA,By-product,Ulsan,,NA,zinc_smelting,,zinc_smelting,NA
SK energy,DaeHan Jedang,NA,product,Ulsan,,NA,,,,NA
SK energy,Koentec,NA,Utility sharing,Ulsan,,NA,,,,NA
SK energy,Ulsan Pacific chemical,NA,product,Ulsan,,NA,,,,NA
SK energy,Tae Young Industry,NA,product,Ulsan,,NA,,,,NA
Koentec,SK energy,NA,By-product,Ulsan,,NA,,,,NA
Onsan MWWTF,Samsung Petrochemical,NA,Utility sharing,Ulsan,municipal_waste_water_treatment_plant,NA,petrochemical_plant,municipal_waste_water_treatment_plant,petrochemical_plant,NA
SungAm MWLF,SungAm MWIF,NA,Utility sharing,Ulsan,,NA,,,,NA
NCC,SK energy,NA,Utility sharing,Ulsan,ncc,NA,,NA,,NA
SK energy,NCC,NA,product,Ulsan,,NA,ncc,,NA,NA
LG Chemical,Korea Zinc,NA,By-product,Ulsan,,NA,zinc_smelting,,zinc_smelting,NA
Tae Kwang 1st company,Han Hwa Petrochemical,NA,By-product,Ulsan,,NA,petrochemical_industry,,petrochemical_industry,NA
YongYeon MWWTF,SKC,NA,Utility sharing,Ulsan,municipal_waste_water_treatment_plant,NA,skc,municipal_waste_water_treatment_plant,,NA
LS-Nikko,Korea Pulp,NA,By-product,Ulsan,,NA,pulp_production,,pulp_production,NA
YooSung WIF,Hankuk Pulp,NA,By-product,Ulsan,,NA,pulp_production,,pulp_production,NA
DongBu Hi-tech,Samyang Cor.,NA,By-product,Ulsan,,NA,,,,NA
SungAm MWIF,HyoSung 2nd Company,NA,By-product,Ulsan,,NA,,,,NA
Samsung Petrochemical,Korea Alcohol,NA,By-product,Ulsan,petrochemical_plant,NA,alcohol_production,petrochemical_plant,alcohol_production,NA
LS-Nikko,S-Oil,NA,By-product,Ulsan,,NA,,,,NA
JSE,Nambu,NA,By-product,Ulsan,,NA,nambu,,,NA
Waste Plastic,JSE,NA,By-product,Ulsan,waste_plastic,NA,,NA,,NA
NamGu FWTF,SunKyoung Watech,NA,Product,Ulsan,,NA,,,,NA
Korea Zinc,Hankuk Pulp,NA,By-product,Ulsan,zinc_smelting,NA,pulp_production,zinc_smelting,pulp_production,NA
Korea Zinc,Hankuk Pulp,NA,By-product,Ulsan,zinc_smelting,NA,pulp_production,zinc_smelting,pulp_production,NA
Tae Kwang 1st company,DongBu Hi-tech,NA,By-product,Ulsan,,NA,,,,NA
DauMetal,PungSan Metal,NA,By-product,Ulsan,,NA,,,,NA
DauMetal,SunKyoung Watech,NA,By-product,Ulsan,,NA,,,,NA
Hansol EME,Korea PTG,NA,By-product,Ulsan,,NA,,,,NA
Korea PTG,SKC,NA,By-product,Ulsan,,NA,skc,,,NA
KP chemical,Korea PTG,NA,By-product,Ulsan,,NA,,,,NA
HanJu Metal,IlSin Poly-Tech,NA,By-product,Ulsan,,NA,,,,NA
IISin Poly-Tech,HanJu Metal,NA,By-product,Ulsan,,NA,,,,NA
IISin Poly-Tech,LS-Nikko,NA,By-product,Ulsan,,NA,,,,NA
Petrochemical Complex,SinHung Oil,NA,By-product,Ulsan,petrochemical_complex,NA,,petrochemical_industry,,NA
PungSan Metal,SinHung Oil,NA,By-product,Ulsan,,NA,,,,NA
HyunDai Heavy WIF,HyunDai Motor,NA,By-product,Ulsan,,NA,,,,NA
SungAm MWLF,KumHo Petrochemical,NA,By-product,Ulsan,,NA,,,,NA
TNC,KCC,NA,By-product,Ulsan,tnc,NA,kcc,,,NA
JungGu FWTF,SungAm MWLF,NA,By-product,Ulsan,,NA,,,,NA
SGR Tech,Oil treatment company,NA,Utility sharing,Ulsan,,NA,oil_treatment,,oil_treatment,NA
SK energy,SGR Tech,NA,By-product,Ulsan,,NA,,,,NA
YongSan Chemical,NokSan MWWTF,NA,Utility sharing,Ulsan,,NA,wastewater_treatment_facility,,wastewater_treatment_facility,NA
DongBu Hi-tech,HuSung,NA,By-product,Ulsan,,NA,,,,NA
Hanju,PungSan Metal,NA,By-product,Ulsan,,NA,,,,NA
HuSung,DongDuk Gas,NA,By-product,Ulsan,,NA,,,,NA
NamGu FWTF,YongYeon MWWTF,NA,Utility sharing,Ulsan,,NA,municipal_waste_water_treatment_plant,,municipal_waste_water_treatment_plant,NA
PungSan Metal,Korea Zinc,NA,By-product,Ulsan,,NA,zinc_smelting,,zinc_smelting,NA
Waste Wood,Koentec,NA,By-product,Ulsan,waste_wood,NA,,NA,,NA
Industrial Complex,EST,NA,By-product,Ulsan,industrial_complex,NA,,,,NA
Industrial Complex,Koentec,NA,By-product,Ulsan,industrial_complex,NA,,,,NA
HanGil,JinYang Chemical,NA,Utility sharing,Ulsan,,NA,,,,NA
LG Chemical,HanGil,NA,By-product,Ulsan,,NA,,,,NA
YongYoun MWWTF,HyoSung 2nd Company,NA,Utility sharing,Ulsan,municipal_waste_water_treatment_plant,NA,,municipal_waste_water_treatment_plant,,NA
YongYoun MWWTF,SK energy,NA,Utility sharing,Ulsan,municipal_waste_water_treatment_plant,NA,,municipal_waste_water_treatment_plant,,NA
YongYoun MWWTF,SKC,NA,By-product,Ulsan,municipal_waste_water_treatment_plant,NA,skc,municipal_waste_water_treatment_plant,,NA
Aekyung Petrochemical,Evonik Headwaters Korea,NA,Utility sharing,Ulsan,petrochemical_industry,NA,,petrochemical_industry,,NA
GB Metal,Kunsul chemical,NA,Product,Ulsan,,NA,,,,NA
GB Metal,Sigma Samsung,NA,Product,Ulsan,,NA,,,,NA
Poongsan Metal,Kunsul chemical,NA,Product,Ulsan,,NA,,,,NA
Poongsan Metal,Sigma Samsung,NA,Product,Ulsan,,NA,,,,NA
Posco,LS-Nikko,NA,Product,Ulsan,posco,NA,,,,NA
Petrochemical cluster,Teawon Mulsan,NA,By-product,Ulsan,petrochemical_industry,NA,,petrochemical_industry,,NA
HyunDai Heavy WIF,Hyundai Hysco Co.,NA,Utility sharing,Ulsan,,NA,,,,NA
Dongnam fine,Ajin Metal,NA,Product,Ulsan,,NA,,,,NA
Ajin Metal,Dongnam fine,NA,Product,Ulsan,,NA,,,,NA
Ajin Metal,Hanjoo Metal,NA,Product,Ulsan,,NA,,,,NA
Dongnam fine,Hanjoo Metal,NA,Product,Ulsan,,NA,,,,NA
Cockburn Cement,Alcoa World Alumina,Lime,Product,Kwinana1990,cement_production_plant,lime,alumina_production,cement_production_plant,alumina_production,NA
Cockburn Cement,Tiwest Pigement Plant,Lime,Product,Kwinana1990,cement_production_plant,lime,pigments,cement_production_plant,pigments,NA
Air Liquid,Tiwest Pigement Plant,Nitrogen,Product,Kwinana1990,industrial_gas,nitrogen,pigments,industrial_gas,pigments,NA
Air Liquid,Tiwest Pigement Plant,Oxygen,Product,Kwinana1990,industrial_gas,oxygen,pigments,industrial_gas,pigments,NA
Nufarm-Googee PTY LTD,Tiwest Pigement Plant,Caustic Soda,Product,Kwinana1990,,caustic_soda,pigments,,pigments,NA
Nufarm-Googee PTY LTD,Tiwest Pigement Plant,Chlorine,Product,Kwinana1990,,chlorine,pigments,,pigments,NA
Nufarm-Googee PTY LTD,Australian Gold Reagents,Caustic Soda,Product,Kwinana1990,,caustic_soda,,,,NA
Nufarm-Googee PTY LTD,Air Liquid,Hydrogen,Product,Kwinana1990,,hydrogen,industrial_gas,,industrial_gas,NA
Kwinana Nitrogen Co.,CSBP&FARMERS,Nitric Acid,Product,Kwinana1990,nitrogen_production,nitric_acid,,nitrogen_production,,NA
Kwinana Nitrogen Co.,CSBP&FARMERS,Ammonium nitrate,Product,Kwinana1990,nitrogen_production,ammonium_nitrate,,nitrogen_production,,NA
Kwinana Nitrogen Co.,Air Liquid,Carbon Dioxide,By-product,Kwinana1990,nitrogen_production,carbon_dioxide,industrial_gas,nitrogen_production,industrial_gas,NA
Kwinana Nitrogen Co.,WMC Nickel Refinery,Ammonia,Product,Kwinana1990,nitrogen_production,ammonia,nickel,nitrogen_production,nickel,NA
Kwinana Nitrogen Co.,Australian Gold Reagents,Ammonia,Product,Kwinana1990,nitrogen_production,ammonia,,nitrogen_production,,NA
Kwinana Nitrogen Co.,C.I.G.,Carbon Dioxide,By-product,Kwinana1990,nitrogen_production,carbon_dioxide,,nitrogen_production,,NA
CSBP&FARMERS,Tiwest Pigement Plant,Sulphuric Acid,Product,Kwinana1990,,sulphuric_acid,pigments,,pigments,NA
CSBP&FARMERS,WMC Nickel Refinery,Sulphur,By-product,Kwinana1990,,sulphur,nickel,,nickel,NA
CSBP&FARMERS,WMC Nickel Refinery,Sulphuric Acid,Product,Kwinana1990,,sulphuric_acid,nickel,,nickel,NA
CSBP,Air Liquid,Hydrogen,By-product,Kwinana1990,csbp,hydrogen,industrial_gas,,industrial_gas,NA
BP Refinery,CSBP&FARMERS,Sulphur,By-product,Kwinana1990,oil_refinery,sulphur,,oil_refinery,,NA
BP Refinery,WMC Nickel Refinery,Fuel Oil,Product,Kwinana1990,oil_refinery,fuel_oil,nickel,oil_refinery,nickel,NA
BP Refinery,C.I.G.,Hydrogen,By-product,Kwinana1990,oil_refinery,hydrogen,,oil_refinery,,NA
WMC Nickel Refinery,C.I.G.,Carbon Dioxide,By-product,Kwinana1990,nickel,carbon_dioxide,,nickel,,NA
WMC Nickel Refinery,CSBP&FARMERS,Ammonium sulphate,By-product,Kwinana1990,nickel,ammonium_sulphate,,nickel,,NA
C.I.G.,BP Refinery,Nitrogen,Product,Kwinana1990,,nitrogen,oil_refinery,,oil_refinery,NA
C.I.G.,Kwinana Nitrogen Co.,Nitrogen,Product,Kwinana1990,,nitrogen,nitrogen_production,,nitrogen_production,NA
C.I.G.,WMC Nickel Refinery,Nitrogen,Product,Kwinana1990,,nitrogen,nickel,,nickel,NA
C.I.G.,WMC Nickel Refinery,Hydrogen,Product,Kwinana1990,,hydrogen,nickel,,nickel,NA
Aluminum profile plant,Water purification agents plant,Aluminum sulfate,By-product,Nanhai,aluminum_profile,aluminum_sulfate,water_purification_agent,aluminum_profile,water_purification_agent,NA
Water purification agents plant,Wastewater treatment plant,Water purification agent,Product,Nanhai,water_purification_agent,water_purification_agent,wastewater_treatment_plant,water_purification_agent,NA,NA
Lithium bromide plant,Refrigerating system,Refrigerant,Product,Nanhai,lithium_bromide,refrigerant,refrigerating_system,lithium_bromide,NA,NA
Computer plant,Metal recycling plant,Metal scrap,By-product,Nanhai,,metal_scrap,metal_recovery,,metal_recovery,NA
District heating station,Refrigerating system,Steam,Utility Sharing,Nanhai,district_heating,steam,refrigerating_system,district_heating,NA,NA
Wastewater treatment plant,Environmental protection equipment plant,Water,Utility Sharing,Nanhai,wastewater_treatment_plant,water,,NA,,NA
Metal recycling plant,Spare parts company,Metal materials,Product,Nanhai,metal_recovery,metal_materials,,metal_recovery,,NA
PCB plant,Computer plant,PCB,Product,Nanhai,printed_circuit_board,pcb,,printed_circuit_board,,NA
PCB plant,Electroplating wastewater treatment plant,Electroplating wastewater,By-product,Nanhai,printed_circuit_board,electroplating_wastewater,electroplating_wastewater,printed_circuit_board,electroplating_wastewater,NA
PCB plant,Environmental protection equipment plant,PCB,Product,Nanhai,printed_circuit_board,pcb,,printed_circuit_board,,NA
District heating station,Activated carbon plant,Steam,Utility Sharing,Nanhai,district_heating,steam,activated_carbon,district_heating,activated_carbon,NA
District heating station,Sheet material plant,Steam,Utility Sharing,Nanhai,district_heating,steam,sheet_material,district_heating,sheet_material,NA
District heating station,Ceramic materials plant,Steam,Utility Sharing,Nanhai,district_heating,steam,ceramic_production,district_heating,ceramic_production,NA
Activated carbon plant,Aluminum profile plant,Waste vitriol,By-product,Nanhai,activated_carbon,vitriol,aluminum_profile,activated_carbon,aluminum_profile,vitriol
Activated carbon plant,Wastewater treatment plant,Activated carbon,Product,Nanhai,activated_carbon,activated_carbon,wastewater_treatment_plant,activated_carbon,NA,NA
Plastic additives plant,Degradable plastics plant,Additives,Product,Nanhai,plastic_additive,additives,corn_syrup,plastic_additive,corn_syrup,NA
Environmental protection equipment plant,Metal recycling plant,Metal scrap,By-product,Nanhai,,metal_scrap,metal_recovery,,metal_recovery,NA
Environmental protection equipment plant,Activated carbon plant,Waste polystyrene plastics,By-product,Nanhai,,waste_polystyrene_plastics,activated_carbon,,activated_carbon,waste_polystyrene
Environmental protection equipment plant,Ceramic materials plant,Water,By-product,Nanhai,,water,ceramic_production,,ceramic_production,NA
Environmental protection equipment plant,Plastic additives plant,Waste polystyrene plastics,By-product,Nanhai,,waste_polystyrene_plastics,plastic_additive,,plastic_additive,waste_polystyrene
Environmental protection equipment plant,Adhesive plant,Waste polystyrene plastics,By-product,Nanhai,,waste_polystyrene_plastics,adhesive,,adhesive,waste_polystyrene
Spare parts company,Computer plant,Spare parts,Product,Nanhai,,spare_parts,,,,NA
Spare parts company,Environmental protection equipment plant,Spare parts,Product,Nanhai,,spare_parts,,,,NA
Sheet material plant,Activated carbon plant,Sawdust,By-product,Nanhai,sheet_material,sawdust,activated_carbon,sheet_material,activated_carbon,NA
Sheet material plant,District heating station,Sawdust,By-product,Nanhai,sheet_material,sawdust,district_heating,sheet_material,district_heating,NA
Sheet material plant,Adhesive plant,Sawdust,By-product,Nanhai,sheet_material,sawdust,adhesive,sheet_material,adhesive,NA
Degradable plastics plant,Plastic additives plant,Waste plastics,By-product,Nanhai,corn_syrup,waste_plastics,plastic_additive,corn_syrup,plastic_additive,NA
Degradable plastics plant,Synthetic fiber plant,Waste plastics,By-product,Nanhai,corn_syrup,waste_plastics,synthetic_fiber,corn_syrup,synthetic_fiber,NA
Degradable plastics plant,Activated carbon plant,Waste plastics,By-product,Nanhai,corn_syrup,waste_plastics,activated_carbon,corn_syrup,activated_carbon,NA
Degradable plastics plant,District heating station,Waste plastics,By-product,Nanhai,corn_syrup,waste_plastics,district_heating,corn_syrup,district_heating,NA
Degradable plastics plant,Adhesive plant,Waste plastics,By-product,Nanhai,corn_syrup,waste_plastics,adhesive,corn_syrup,adhesive,NA
Adhesive plant,Sheet material plant,Adhesives,Product,Nanhai,adhesive,adhesives,sheet_material,adhesive,sheet_material,NA
Plastic plant,Plastic additives plant,Waste plastics,By-product,Nanhai,plastic_product,waste_plastics,plastic_additive,plastic_product,plastic_additive,NA
Plastic plant,Synthetic fiber plant,Waste plastics,By-product,Nanhai,plastic_product,waste_plastics,synthetic_fiber,plastic_product,synthetic_fiber,NA
Plastic plant,Activated carbon plant,Waste plastics,By-product,Nanhai,plastic_product,waste_plastics,activated_carbon,plastic_product,activated_carbon,NA
Plastic plant,District heating station,Waste plastics,By-product,Nanhai,plastic_product,waste_plastics,district_heating,plastic_product,district_heating,NA
Plastic plant,Adhesive plant,Waste plastics,By-product,Nanhai,plastic_product,waste_plastics,adhesive,plastic_product,adhesive,NA
Ceramic materials plant,Sound absorption materials plant,Ceramic materials,Product,Nanhai,ceramic_production,ceramic_materials,sound_absorbing_material,ceramic_production,sound_absorbing_material,NA
Paper producing industry3,Paper producing industry4,Bark,By-product,Styria,paper_mill,bark,paper_mill,paper_mill,paper_mill,NA
Paper producing industry3,Press board industry,Fine material,Product,Styria,paper_mill,fine_material,pressboard,paper_mill,pressboard,NA
Paper producing industry3,Stone and ceramic industry2,Fibre muds,By-product,Styria,paper_mill,fibre_sludge,ceramic_industry,paper_mill,ceramic_industry,fibre_sludge
Scrap material dealer,Construction materials industry1,Sewage sludge,Product,Styria,scrap_metal,sewage_sludge,construction_materials,scrap_metal,construction_materials,NA
Scrap material dealer,Construction materials industry1,Fibre muds,Product,Styria,scrap_metal,fibre_sludge,construction_materials,scrap_metal,construction_materials,fibre_sludge
Region of Voitsberg,Power plant1,District heating return circuit,Utility Sharing,Styria,,district_heating,power_plant,,power_plant,district_heating
Waste water treatment,Scrap material dealer,Sewage sludge,By-product,Styria,waste_water_treatment,sewage_sludge,scrap_metal,NA,scrap_metal,NA
Power plant1,Region of Voitsberg,District heating feeder circuit,Utility Sharing,Styria,power_plant,district_heating,,power_plant,,district_heating
Power plant1,Cement plant3,Power plant gypsum,By-product,Styria,power_plant,flue_gas_desulfurization_gypsum,cement_plant,power_plant,cement_plant,flue_gas_desulfurization_gypsum
Power plant1,Mining company,Flue ash,By-product,Styria,power_plant,flue_ash,mining_company,power_plant,mining_company,NA
Power plant1,Mining company,Crude ash,By-product,Styria,power_plant,crude_ash,mining_company,power_plant,mining_company,crude_ash
Power plant1,Cement plant2,Power plant gypsum,By-product,Styria,power_plant,flue_gas_desulfurization_gypsum,cement_plant,power_plant,cement_plant,flue_gas_desulfurization_gypsum
Power plant2,Cement plant6,Crude ash,By-product,Styria,power_plant,crude_ash,cement_plant,power_plant,cement_plant,crude_ash
Power plant2,Construction materials industry2,Crude ash,By-product,Styria,power_plant,crude_ash,construction_materials,power_plant,construction_materials,crude_ash
Power plant2,Region of graz,District heating feeder circuit,Utility Sharing,Styria,power_plant,district_heating,,power_plant,,district_heating
Power plant2,Cement plant4,Flue ash,By-product,Styria,power_plant,flue_ash,cement_plant,power_plant,cement_plant,NA
Power plant2,Cement plant5,Flue ash,By-product,Styria,power_plant,flue_ash,cement_plant,power_plant,cement_plant,NA
Power plant2,Cement plant1,Flue ash,By-product,Styria,power_plant,flue_ash,cement_plant,power_plant,cement_plant,NA
Power plant2,Cement plant1,Power plant gypsum,By-product,Styria,power_plant,flue_gas_desulfurization_gypsum,cement_plant,power_plant,cement_plant,flue_gas_desulfurization_gypsum
Region of graz,Power plant2,District heating return circuit,Utility Sharing,Styria,,district_heating,power_plant,,power_plant,district_heating
Region of graz,Waste water treatment,Communal waste water,Utility Sharing,Styria,,communal_waste_water,waste_water_treatment,,NA,wastewater
Paper producing industry1,Mining company,Ash,By-product,Styria,paper_mill,ash,mining_company,paper_mill,mining_company,NA
Paper producing industry1,Waste paper dealer,Waste paper carton,By-product,Styria,paper_mill,carton,waste_paper_recycling,paper_mill,waste_paper_recycling,carton
Iron scrap dealer,Iron manufacturing industry,Iron scrap,Product,Styria,iron_scrap,iron_scrap,iron_manufacturing_process,iron_scrap,iron_manufacturing_process,NA
Iron manufacturing industry,Construction materials industry1,Steel mill slag,By-product,Styria,iron_manufacturing_process,steel_making_slag,construction_materials,iron_manufacturing_process,construction_materials,steel_making_slag
Iron manufacturing industry,Construction materials industry1,Blast furnace sand,By-product,Styria,iron_manufacturing_process,blast_furnace_slag,construction_materials,iron_manufacturing_process,construction_materials,blast_furnace_slag
Iron manufacturing industry,Cement plant1,Blast furnace sand,By-product,Styria,iron_manufacturing_process,blast_furnace_slag,cement_plant,iron_manufacturing_process,cement_plant,blast_furnace_slag
Iron manufacturing industry,Cement plant2,Blast furnace sand,By-product,Styria,iron_manufacturing_process,blast_furnace_slag,cement_plant,iron_manufacturing_process,cement_plant,blast_furnace_slag
Iron manufacturing industry,Color industry,Ld-dust,By-product,Styria,iron_manufacturing_process,steelmaking_dust,,iron_manufacturing_process,,steelmaking_dust
Used tires dealers,Cement plant1,Used tires,Product,Styria,used_tire,used_tires,cement_plant,used_tire,cement_plant,NA
Waste paper dealer,Paper producing industry1,Waste paper,Product,Styria,waste_paper_recycling,waste_paper,paper_mill,waste_paper_recycling,paper_mill,NA
Waste paper dealer,Paper producing industry5,Waste paper,Product,Styria,waste_paper_recycling,waste_paper,paper_mill,waste_paper_recycling,paper_mill,NA
Waste paper dealer,Paper producing industry6,Waste paper,Product,Styria,waste_paper_recycling,waste_paper,paper_mill,waste_paper_recycling,paper_mill,NA
Waste paper dealer,Paper producing industry2,Waste paper,Product,Styria,waste_paper_recycling,waste_paper,paper_mill,waste_paper_recycling,paper_mill,NA
Paper producing industry5,Plastic industry,Used plastics,By-product,Styria,paper_mill,used_plastics,plastic_industry,paper_mill,NA,used_plastics
Paper producing industry2,Cement plant2,Bark flue ash,By-product,Styria,paper_mill,,cement_plant,paper_mill,cement_plant,
Used oil dealer1,Cement plant2,Halogenous-free solvents,Product,Styria,used_oil,non_halogenated_solvents,cement_plant,used_oil,cement_plant,non_halogenated_solvents
Used oil dealer1,Cement plant2,Used oil,Product,Styria,used_oil,used_oil,cement_plant,used_oil,cement_plant,NA
Used oil dealer2,Cement plant2,Halogenous-free solvents,Product,Styria,used_oil,non_halogenated_solvents,cement_plant,used_oil,cement_plant,non_halogenated_solvents
Used oil dealer2,Cement plant2,Used oil,Product,Styria,used_oil,used_oil,cement_plant,used_oil,cement_plant,NA
Used oil dealer3,Cement plant2,Halogenous-free solvents,Product,Styria,used_oil,non_halogenated_solvents,cement_plant,used_oil,cement_plant,non_halogenated_solvents
Used oil dealer3,Cement plant2,Used oil,Product,Styria,used_oil,used_oil,cement_plant,used_oil,cement_plant,NA
Fuel producers,Cement plant2,Petrol coke,Product,Styria,,petrol_coke,cement_plant,,cement_plant,petroleum_coke
Saw mills,Paper producing industry3,Wood residuals,By-product,Styria,saw_mills,wood_residuals,paper_mill,sawmills,paper_mill,wood_waste
Saw mills,Stone and ceramic industry1,Wood residuals,By-product,Styria,saw_mills,wood_residuals,ceramic_industry,sawmills,ceramic_industry,wood_waste
Textile industry1,Stone and ceramic industry1,Textile waste,By-product,Styria,textile_industry,textile_waste,ceramic_industry,textile_industry,ceramic_industry,NA
Textile industry2,Stone and ceramic industry1,Textile waste,By-product,Styria,textile_industry,textile_waste,ceramic_industry,textile_industry,ceramic_industry,NA
Chemical industry,Stone and ceramic industry1,Pine oil pitch,Product,Styria,chemical_industry,,ceramic_industry,NA,ceramic_industry,
Agricultural associations,Stone and ceramic industry1,Residues from flax refining,By-product,Styria,,,ceramic_industry,,ceramic_industry,
Calcium carbonate plant,Paper manufacturing plant,CaCO3,Product,FinnishForest,calcium_carbonate,caco3,paper_mill,calcium_carbonate,paper_mill,NA
Calcium carbonate plant,Wastewater treatment plant,Waste water,Utility Sharing,FinnishForest,calcium_carbonate,waste_water,wastewater_treatment_plant,calcium_carbonate,NA,NA
Chlorine dioxide plant,Landfill,Waste,Utility Sharing,FinnishForest,chlorine_dioxide,waste,landfill,chlorine_dioxide,NA,NA
Chlorine dioxide plant,Paper manufacturing plant,ClO2,Product,FinnishForest,chlorine_dioxide,clo2,paper_mill,chlorine_dioxide,paper_mill,NA
Chlorine dioxide plant,Paper manufacturing plant,NaOH,Product,FinnishForest,chlorine_dioxide,naoh,paper_mill,chlorine_dioxide,paper_mill,NA
Chlorine dioxide plant,Wastewater treatment plant,Waste water,Utility Sharing,FinnishForest,chlorine_dioxide,waste_water,wastewater_treatment_plant,chlorine_dioxide,NA,NA
Chlorine dioxide plant,Water purification plant,Cl2,Product,FinnishForest,chlorine_dioxide,cl2,water_purification_plant,chlorine_dioxide,NA,NA
Energy distributor,Municipal wastewater treatment plant,Energy,Utility Sharing,FinnishForest,,energy,municipal_wastewater_treatment_plant,,NA,NA
Forest ecosystem,Paper manufacturing plant,Wood,Product,FinnishForest,forest_ecosystem,wood,paper_mill,forest,paper_mill,NA
Forest ecosystem,Power plant,Wood residuals,By-Product,FinnishForest,forest_ecosystem,wood_residuals,power_plant,forest,NA,wood_waste
Hydrogen peroxide plant,Paper manufacturing plant,H2O2,Product,FinnishForest,hydrogen_peroxide,h2o2,paper_mill,hydrogen_peroxide,paper_mill,NA
Hydrogen peroxide plant,Wastewater treatment plant,Waste water,Utility Sharing,FinnishForest,hydrogen_peroxide,waste_water,wastewater_treatment_plant,hydrogen_peroxide,NA,NA
Hydropower plant,Paper manufacturing plant,Energy,Utility Sharing,FinnishForest,hydropower_station,energy,paper_mill,hydropower_station,paper_mill,NA
Municipal wastewater treatment plant,Wastewater treatment plant,Sludge,By-Product,FinnishForest,municipal_wastewater_treatment_plant,sludge,wastewater_treatment_plant,NA,NA,NA
Paper manufacturing plant,Calcium carbonate plant,CO2,By-Product,FinnishForest,paper_mill,co2,calcium_carbonate,paper_mill,calcium_carbonate,NA
Paper manufacturing plant,Calcium carbonate plant,Energy,By-Product,FinnishForest,paper_mill,energy,calcium_carbonate,paper_mill,calcium_carbonate,NA
Paper manufacturing plant,Chlorine dioxide plant,Energy,By-Product,FinnishForest,paper_mill,energy,chlorine_dioxide,paper_mill,chlorine_dioxide,NA
Paper manufacturing plant,Landfill,Waste,Utility Sharing,FinnishForest,paper_mill,waste,landfill,paper_mill,NA,NA
Paper manufacturing plant,Power plant,Bark,By-Product,FinnishForest,paper_mill,bark,power_plant,paper_mill,NA,NA
Paper manufacturing plant,Power plant,NaOH,By-Product,FinnishForest,paper_mill,naoh,power_plant,paper_mill,NA,NA
Paper manufacturing plant,Wastewater treatment plant,Waste water,Utility Sharing,FinnishForest,paper_mill,waste_water,wastewater_treatment_plant,paper_mill,NA,NA
Power plant,Energy distributor,District heat,Utility Sharing,FinnishForest,power_plant,district_heat,,NA,,district_heating
Power plant,Landfill,Ash,Utility Sharing,FinnishForest,power_plant,ash,landfill,NA,NA,NA
Power plant,Paper manufacturing plant,Energy,Utility Sharing,FinnishForest,power_plant,energy,paper_mill,NA,paper_mill,NA
Power plant,Wastewater treatment plant,Waste water,Utility Sharing,FinnishForest,power_plant,waste_water,wastewater_treatment_plant,NA,NA,NA
Wastewater treatment plant,Power plant,Sludge,By-Product,FinnishForest,wastewater_treatment_plant,sludge,power_plant,NA,NA,NA
Water purification plant,Calcium carbonate plant,H2O,Utility Sharing,FinnishForest,water_purification_plant,h2o,calcium_carbonate,NA,calcium_carbonate,NA
Water purification plant,Chlorine dioxide plant,H2O,Utility Sharing,FinnishForest,water_purification_plant,h2o,chlorine_dioxide,NA,chlorine_dioxide,NA
Water purification plant,Paper manufacturing plant,H2O,Utility Sharing,FinnishForest,water_purification_plant,h2o,paper_mill,NA,paper_mill,NA
Water purification plant,Power plant,H2O,Utility Sharing,FinnishForest,water_purification_plant,h2o,power_plant,NA,NA,NA
CIBA Specialty Chemicals,Alcoa World Alumina,Flocculant,Product,Kwinana2000,ciba_specialty_chemicals,flocculant,alumina_production,specialty_chemicals,alumina_production,NA
Wesfarmers LPG,BP Refinery,Condensate,By-product,Kwinana2000,lpg,condensate,oil_refinery,lpg,oil_refinery,NA
Wesfarmers LPG,CSBP,Natural Gas,Product,Kwinana2000,lpg,natural_gas,csbp,lpg,,NA
Wesfarmers LPG,Tiwest Pigment Plant,LPG,Product,Kwinana2000,lpg,lpg,pigments,lpg,pigments,NA
Millennium Performance Chemicals,Tiwest Pigment Plant,Zirconium Oxychloride,Product,Kwinana2000,,zirconium_oxychloride,pigments,,pigments,NA
Millennium Performance Chemicals,Tiwest Pigment Plant,Zirconium Sulphate,Product,Kwinana2000,,zirconium_sulfate,pigments,,pigments,zirconium_sulfate
Cockburn Cement,Tyco Water,Cement,Product,Kwinana2000,cement_production_plant,cement,,cement_production_plant,,NA
Cockburn Cement,Summit Fertilizers,Lime,Product,Kwinana2000,cement_production_plant,lime,fertilizer_production,cement_production_plant,fertilizer_production,NA
Alcoa World Alumina,Australian Fused Materials,Alumina,Product,Kwinana2000,alumina_production,alumina,,alumina_production,,NA
Alcoa World Alumina,CooGee Chemicals,Alumina,Product,Kwinana2000,alumina_production,alumina,,alumina_production,,NA
Alcoa World Alumina,CSBP,Caustic Soda,By-product,Kwinana2000,alumina_production,caustic_soda,csbp,alumina_production,,NA
Australian Fused Materials,Shinagawa Thermal Ceramics,Fused Alumina,Product,Kwinana2000,,fused_alumina,,,,fused_alumina
Australian Fused Materials,Shinagawa Thermal Ceramics,Silica Fume,Product,Kwinana2000,,silica_fume,,,,NA
Air Liquide,Wesfarmers LPG,Oxygen,Product,Kwinana2000,air_liquide,oxygen,lpg,industrial_gas,lpg,NA
Air Liquide,BOC Gases,Carbon Dioxide,Product,Kwinana2000,air_liquide,carbon_dioxide,industrial_gas,industrial_gas,industrial_gas,NA
Air Liquide,BOC Gases,Oxygen,Product,Kwinana2000,air_liquide,oxygen,industrial_gas,industrial_gas,industrial_gas,NA
Air Liquide,Kwinana Power Station,Propane,Product,Kwinana2000,air_liquide,propane,power_station,industrial_gas,power_station,NA
Air Liquide,Kwinana Power Station,Oxygen,Product,Kwinana2000,air_liquide,oxygen,power_station,industrial_gas,power_station,NA
Air Liquide,Kwinana Power Station,Nitrogen,Product,Kwinana2000,air_liquide,nitrogen,power_station,industrial_gas,power_station,NA
Air Liquide,Kwinana Power Station,Hydrogen,Product,Kwinana2000,air_liquide,hydrogen,power_station,industrial_gas,power_station,NA
Air Liquide,Kwinana Power Station,Carbon Dioxide,Product,Kwinana2000,air_liquide,carbon_dioxide,power_station,industrial_gas,power_station,NA
Air Liquide,CIBA Specialty Chemicals,Nitrogen,Product,Kwinana2000,air_liquide,nitrogen,ciba_specialty_chemicals,industrial_gas,specialty_chemicals,NA
Air Liquide,Wesfarmers LPG,Nitrogen,Product,Kwinana2000,air_liquide,nitrogen,lpg,industrial_gas,lpg,NA
Air Liquide,Alcoa World Alumina,Carbon Dioxide,Product,Kwinana2000,air_liquide,carbon_dioxide,alumina_production,industrial_gas,alumina_production,NA
Air Liquide,BP Refinery,Oxygen,Product,Kwinana2000,air_liquide,oxygen,oil_refinery,industrial_gas,oil_refinery,NA
Air Liquide,WMC Nickel Refinery,Nitrogen,Product,Kwinana2000,air_liquide,nitrogen,nickel,industrial_gas,nickel,NA
Tiwest Pigment Plant,Nufarm-Coogee PTY LTD,Steam,By-product,Kwinana2000,pigments,steam,,pigments,,NA
Tiwest Pigment Plant,Nufarm-Coogee PTY LTD,Nitrogen,By-product,Kwinana2000,pigments,nitrogen,,pigments,,NA
Tiwest Pigment Plant,CooGee Chemicals,Hydrochloric Acid,By-product,Kwinana2000,pigments,hydrochloric_acid,,pigments,,NA
Nufarm-Coogee PTY LTD,Nufarm Australia Limited,Caustic Soda,Product,Kwinana2000,,caustic_soda,,,,NA
Nufarm-Coogee PTY LTD,Kwinana Power Station,Hydrochloric Acid,Product,Kwinana2000,,hydrochloric_acid,power_station,,power_station,NA
Nufarm-Coogee PTY LTD,Edison Mission Energy,Caustic Soda,Product,Kwinana2000,,caustic_soda,power_plant,,power_plant,NA
Nufarm-Coogee PTY LTD,Nufarm Australia Limited,Hydrochloric Acid,Product,Kwinana2000,,hydrochloric_acid,,,,NA
Nufarm-Coogee PTY LTD,Nufarm Australia Limited,Sodium Hypochlorite,Product,Kwinana2000,,sodium_hypochlorite,,,,NA
Nufarm-Coogee PTY LTD,CooGee Chemicals,Caustic Soda,Product,Kwinana2000,,caustic_soda,,,,NA
Nufarm-Coogee PTY LTD,Nufarm Australia Limited,Caustic Soda,Product,Kwinana2000,,caustic_soda,,,,NA
Nufarm-Coogee PTY LTD,CSBP,Caustic Soda,Product,Kwinana2000,,caustic_soda,csbp,,,NA
Nufarm-Coogee PTY LTD,WMC Nickel Refinery,Caustic Soda,Product,Kwinana2000,,caustic_soda,nickel,,nickel,NA
CooGee Chemicals,Tiwest Pigment Plant,Sulphuric Acid,Product,Kwinana2000,,sulphuric_acid,pigments,,pigments,NA
CooGee Chemicals,Alcoa World Alumina,Sulphuric Acid,Product,Kwinana2000,,sulphuric_acid,alumina_production,,alumina_production,NA
CooGee Chemicals,Tiwest Pigment Plant,Sodium Aluminate,Product,Kwinana2000,,sodium_aluminate,pigments,,pigments,NA
CooGee Chemicals,Millennium Performance Chemicals,Ammonium Chloride,Product,Kwinana2000,,ammonium_chloride,,,,NA
CooGee Chemicals,Millennium Performance Chemicals,Sodium Silicate,Product,Kwinana2000,,sodium_silicate,,,,NA
CooGee Chemicals,Edison Mission Energy,Sulphuric Acid,Product,Kwinana2000,,sulphuric_acid,power_plant,,power_plant,NA
CooGee Chemicals,WMC Nickel Refinery,Granulated Products,Product,Kwinana2000,,granulated_product,nickel,,nickel,granulated_product
CooGee Chemicals,Summit Fertilizers,Ferrous Sulphate,Product,Kwinana2000,,ferrous_sulphate,fertilizer_production,,fertilizer_production,NA
CooGee Chemicals,Summit Fertilizers,Sulphur,Product,Kwinana2000,,sulphur,fertilizer_production,,fertilizer_production,NA
CooGee Chemicals,WMC Nickel Refinery,Copper Sulphate,Product,Kwinana2000,,copper_sulphate,nickel,,nickel,NA
CooGee Chemicals,Summit Fertilizers,Granulated Products,Product,Kwinana2000,,granulated_product,fertilizer_production,,fertilizer_production,granulated_product
CooGee Chemicals,CSBP,Granulated Products,Product,Kwinana2000,,granulated_product,csbp,,,granulated_product
CooGee Chemicals,Aventis Crop Sciences,Gasoline Components,Product,Kwinana2000,,gasoline_components,,,,gasoline_components
CooGee Chemicals,Tiwest Pigment Plant,Sodium Silicate,Product,Kwinana2000,,sodium_silicate,pigments,,pigments,NA
CooGee Chemicals,WMC Nickel Refinery,Sulphur,Product,Kwinana2000,,sulphur,nickel,,nickel,NA
CSBP,Millennium Performance Chemicals,Ammonia,Product,Kwinana2000,csbp,ammonia,,,,NA
CSBP,Millennium Performance Chemicals,Hydrochloric Acid,Product,Kwinana2000,csbp,hydrochloric_acid,,,,NA
CSBP,Millennium Performance Chemicals,Sulphuric Acid,By-Product,Kwinana2000,csbp,sulphuric_acid,,,,NA
CSBP,CIBA Specialty Chemicals,Caustic Soda,Product,Kwinana2000,csbp,caustic_soda,ciba_specialty_chemicals,,specialty_chemicals,NA
CSBP,CooGee Chemicals,Steam,By-Product,Kwinana2000,csbp,steam,,,,NA
CSBP,Shinagawa Thermal Ceramics,Ammonia,Product,Kwinana2000,csbp,ammonia,,,,NA
CSBP,CooGee Chemicals,Ammonia,Product,Kwinana2000,csbp,ammonia,,,,NA
Aventis Crop Sciences,Millennium Performance Chemicals,Agricultural Chemicals,Product,Kwinana2000,,agricultural_chemicals,,,,NA
BP Refinery,Air Liquide,Lube Oil,Product,Kwinana2000,oil_refinery,lube_oil,air_liquide,oil_refinery,industrial_gas,lubrication_oil
BP Refinery,WMC Nickel Refinery,Hydrogen,Product,Kwinana2000,oil_refinery,hydrogen,nickel,oil_refinery,nickel,NA
BP Refinery,CSBP,Waxes,Product,Kwinana2000,oil_refinery,waxes,csbp,oil_refinery,,NA
BP Refinery,WMC Nickel Refinery,Diesel Oils,Product,Kwinana2000,oil_refinery,diesel_oils,nickel,oil_refinery,nickel,diesel_oil
BP Refinery,WMC Nickel Refinery,Kerosenes,Product,Kwinana2000,oil_refinery,kerosene,nickel,oil_refinery,nickel,kerosene
BP Refinery,WMC Nickel Refinery,Molten Sulphur,Product,Kwinana2000,oil_refinery,molten_sulphur,nickel,oil_refinery,nickel,sulphur
BP Refinery,CooGee Chemicals,Sulphur,Product,Kwinana2000,oil_refinery,sulphur,,oil_refinery,,NA
BP Refinery,Edison Mission Energy,Fuel gas,Product,Kwinana2000,oil_refinery,fuel_gas,power_plant,oil_refinery,power_plant,NA
BP Refinery,CIBA Specialty Chemicals,Diesel Oils,Product,Kwinana2000,oil_refinery,diesel_oils,ciba_specialty_chemicals,oil_refinery,specialty_chemicals,diesel_oil
BP Refinery,Tyco Water,Diesel Oils,Product,Kwinana2000,oil_refinery,diesel_oils,,oil_refinery,,diesel_oil
BP Refinery,Tyco Water,Lube Oil,Product,Kwinana2000,oil_refinery,lube_oil,,oil_refinery,,lubrication_oil
BP Refinery,Wesfarmers LPG,Lube Oil,Product,Kwinana2000,oil_refinery,lube_oil,lpg,oil_refinery,lpg,lubrication_oil
BP Refinery,Summit Fertilizers,Waxes,Product,Kwinana2000,oil_refinery,waxes,fertilizer_production,oil_refinery,fertilizer_production,NA
WMC Nickel Refinery,Air Liquide,Carbon Dioxide,By-Product,Kwinana2000,nickel,carbon_dioxide,air_liquide,nickel,industrial_gas,NA
WMC Nickel Refinery,CSBP,Hydrogen,By-Product,Kwinana2000,nickel,hydrogen,csbp,nickel,,NA
WMC Nickel Refinery,BOC Gases,Hydrogen,By-Product,Kwinana2000,nickel,hydrogen,industrial_gas,nickel,industrial_gas,NA
WMC Nickel Refinery,Co-Operative Bulk Handling,Carbon Dioxide,By-Product,Kwinana2000,nickel,carbon_dioxide,bulk_handling,nickel,bulk_handling,NA
WMC Nickel Refinery,Summit Fertilizers,Ammonium Sulphate,By-Product,Kwinana2000,nickel,ammonium_sulphate,fertilizer_production,nickel,fertilizer_production,NA
WMC Nickel Refinery,Cockburn Cement,Calcium Carbonate,By-Product,Kwinana2000,nickel,calcium_carbonate,cement_production_plant,nickel,cement_production_plant,NA
BOC Gases,CSBP,Nitrogen,Product,Kwinana2000,industrial_gas,nitrogen,csbp,industrial_gas,,NA
BOC Gases,Shinagawa Thermal Ceramics,LPG,Product,Kwinana2000,industrial_gas,lpg,,industrial_gas,,NA
BOC Gases,Nufarm Australia Limited,Nitrogen,Product,Kwinana2000,industrial_gas,nitrogen,,industrial_gas,,NA
BOC Gases,Kwinana Power Station,Nitrogen,Product,Kwinana2000,industrial_gas,nitrogen,power_station,industrial_gas,power_station,NA
BOC Gases,Kwinana Power Station,Oxygen,Product,Kwinana2000,industrial_gas,oxygen,power_station,industrial_gas,power_station,NA
BOC Gases,Transfield SMP,Nitrogen,Product,Kwinana2000,industrial_gas,nitrogen,,industrial_gas,,NA
BOC Gases,Transfield SMP,Oxygen,Product,Kwinana2000,industrial_gas,oxygen,,industrial_gas,,NA
BOC Gases,Transfield SMP,LPG,Product,Kwinana2000,industrial_gas,lpg,,industrial_gas,,NA
BOC Gases,ONESTEEL Market Mills,Oxygen,Product,Kwinana2000,industrial_gas,oxygen,,industrial_gas,,NA
Kwinana Power Station,CIBA Specialty Chemicals,Demineralised Water,Utility Sharing,Kwinana2000,power_station,demineralised_water,ciba_specialty_chemicals,power_station,specialty_chemicals,demineralized_water
Kwinana Power Station,CSBP,Demineralised Water,Utility Sharing,Kwinana2000,power_station,demineralised_water,csbp,power_station,,demineralized_water
ONESTEEL Market Mills,Transfield SMP,Steel Product,Product,Kwinana2000,,steel_product,,,,NA
Edison Mission Energy,BP Refinery,Steam,Utility Sharing,Kwinana2000,power_plant,steam,oil_refinery,power_plant,oil_refinery,NA
Cane Fields,Sugar production,Cane,Product,Nanning,cane_fields,cane,sugar_production,cane_fields,NA,NA
Sugar production,Pulp Production,Bagasse,By-product,Nanning,sugar_production,bagasse,pulp_production,NA,NA,NA
Sugar production,Compound fertilizer production,Filter Sludge,By-product,Nanning,sugar_production,filter_sludge,compound_fertilizer,NA,compound_fertilizer,filter_sludge
Sugar production,Alchol production,Molasses,Product,Nanning,sugar_production,molasses,alcohol_production,NA,alcohol_production,NA
Sugar production,Boilers,Bagasse pitch,By-product,Nanning,sugar_production,,boilers,NA,NA,
Sugar production,Boilers,Waste gas,Utility Sharing,Nanning,sugar_production,waste_gas,boilers,NA,NA,NA
Pulp production,Paper production,Pulp,Product,Nanning,pulp_production,pulp,paper_production,NA,NA,NA
Pulp production,Boilers,Bleaching water,Utility Sharing,Nanning,pulp_production,bleaching_agent,boilers,NA,NA,bleaching_agent
Pulp production,Alkali recovery,Black liquid,By-product,Nanning,pulp_production,black_liquid,alkali_recovery,NA,NA,NA
Paper production,Recovery of white water,White water,Utility Sharing,Nanning,paper_production,white_water,white_water_waste,NA,white_water_waste,NA
Alcohol production,Compound fertilizer production,Alcohol slops,By-product,Nanning,alcohol_production,alcohol_slops,compound_fertilizer,NA,compound_fertilizer,alcohol_slops
Boilers,Blocks production,Coal ash,By-product,Nanning,boilers,coal_ash,,NA,,NA
Alkali recovery,Pulp Production,Alkali,Product,Nanning,alkali_recovery,alkali,pulp_production,NA,NA,NA
Alkali recovery,Cement production,Lime sludge,By-product,Nanning,alkali_recovery,lime_sludge,cement_production,NA,NA,NA
Recovery of white water,Paper production,Water,Product,Nanning,white_water_waste,water,paper_production,white_water_waste,NA,NA
Recovery of white water,Pulp Production,Water,Product,Nanning,white_water_waste,water,pulp_production,white_water_waste,NA,NA
Compound fertilizer production,Cane fields,Compound fertilizer,Product,Nanning,compound_fertilizer,compound_fertilizer,cane_fields,compound_fertilizer,cane_fields,NA
Tianjin AW automatic transmission Co.,Tianjin Toyotsu Aluminum smelting,Aluminum scrap,By-product,TEDA,,aluminum_scrap,aluminum_electrolysis,,aluminum_electrolysis,NA
Cabot chemical (tianjin) Co.,TEDA chemical park corporation,Steam from flue gas,By-product,TEDA,,,,,,
Kumbo tire (tianjin) Co.,Tianjin Aoxing Rubber Co.,Rubble scraps,By-product,TEDA,rubber_tire,rubber_scraps,rubber_product,rubber_tire,rubber_product,rubber_scraps
Refineries,Cabot chemical (tianjin) Co.,Refinery residues,By-product,TEDA,refineries,,,NA,,
Steel scrap contractors,CMW (Tianjin) industry Co.,Steel scrap,By-product,TEDA,steel_scrap,steel_scrap,,steel_scrap,,NA
Steel scrap contractors,Takaoka lioho (Tianjin) industries,Steel scrap,By-product,TEDA,steel_scrap,steel_scrap,,steel_scrap,,NA
Tianjin FAW toyota engine Co.,Tianjin Toyotsu Aluminum smelting,Aluminum scrap,By-product,TEDA,engine_manufacturer,aluminum_scrap,aluminum_electrolysis,engine_manufacturer,aluminum_electrolysis,NA
Tianjin FAW toyota motor Co.,FAW resource recovery Co.,Galvanized plate scraps,By-product,TEDA,,galvanized_scrap,,,,galvanized_scrap
Tianjin FAW toyota motor Co.,Tianjin Cement mill,Effluent sludge,By-product,TEDA,,effluent_sludge,cement_mill,,cement_mill,effluent_sludge
Tianjin FAW toyota motor Co.,Tianjin toyotsu resource management Co.,Galvanized plate scraps,By-product,TEDA,,galvanized_scrap,,,,galvanized_scrap
Tianjin Motorola China,Tianjin Toho Lead recycling Co.,Spent lead acid batteries,By-product,TEDA,,spent_lead_acid_batteries,lead_recycling,,lead_recycling,waste_lead_acid_batteries
Tianjin Toho Lead recycling Co.,Tianjin Cement mill,Lead slag,By-product,TEDA,lead_recycling,lead_slag,cement_mill,lead_recycling,cement_mill,NA
Tianjin Tong Yee industrial Co.,Tianjin Toho Lead recycling Co.,New lead scrap,By-product,TEDA,,lead_scrap,lead_recycling,,lead_recycling,lead_scrap
Tianjin toyotsu resource management Co.,Takaoka lioho (Tianjin) industries,Galvanized plate scraps,By-product,TEDA,,galvanized_scrap,,,,galvanized_scrap
Tianjin toyotsu resource management Co.,Tianjin pipe corporation,Galvanized plate scraps,By-product,TEDA,,galvanized_scrap,,,,galvanized_scrap
Tianjin toyotsu resource management Co.,Tianjin Rainbow Hills cast iron Co.,Galvanized plate scraps,By-product,TEDA,,galvanized_scrap,cast_iron,,cast_iron,galvanized_scrap
Tianjin Yuasa Batteries Co.,Tianjin Toho Lead recycling Co.,New lead scrap,By-product,TEDA,battery_production,lead_scrap,lead_recycling,battery_production,lead_recycling,lead_scrap
US aluminum scarps,Tianjin Toyotsu Aluminum smelting,Imported aluminum scrap,By-product,TEDA,aluminum_scraps,aluminum_scrap,aluminum_electrolysis,aluminum_scraps,aluminum_electrolysis,aluminum_scrap
Various lead acid battery users,Tianjin Toho Lead recycling Co.,Spent lead acid batteries,By-product,TEDA,lead_acid_batteries,spent_lead_acid_batteries,lead_recycling,lead_acid_batteries,lead_recycling,waste_lead_acid_batteries
Biological pharmaceutical plant,Organic composting plant,Fermentation residues,By-product,TEDA,pharmaceutical_factory,fermentation_residues,aerobic_composting,pharmaceutical_factory,aerobic_composting,NA
Cabot chemical (tianjin) Co.,Cogeneration plant,Flue gas,By-product,TEDA,,flue_gas,cogeneration_plant,,NA,NA
Cogeneration plant,Construction companies,Fly ash,By-product,TEDA,cogeneration_plant,fly_ash,construction_companies,NA,construction_companies,NA
Food plant,Feed mill,Food residues,By-product,TEDA,food_plant,food_residues,feed_mill,,animal_feed,NA
TEDA Wastewater treatment plant,TaiDing recycling coporation,Electroplating sludge,By-product,TEDA,wastewater_treatment_plant,electroplating_sludge,,wastewater_treatment_plant,,NA
Tianjin FAW toyota motor Co.,TEDA Wastewater treatment plant,Sewage,By-product,TEDA,,sewage,wastewater_treatment_plant,,wastewater_treatment_plant,NA
Tianjin FAW toyota motor Co.,Toyota FAW(tianjin)Dies Co.,Steel scrap,By-product,TEDA,,steel_scrap,,,,NA
Tianjin Motorola China,TaiDing recycling coporation,Electronic waste,By-product,TEDA,,electronic_waste,,,,NA
Toyota FAW(tianjin)Dies Co.,TEDA Wastewater treatment plant,Sewage,By-product,TEDA,,sewage,wastewater_treatment_plant,,wastewater_treatment_plant,NA
Cabot chemical (tianjin) Co.,Kumbo tire (tianjin) Co.,Carbon black,Product,TEDA,,carbon_black,rubber_tire,,rubber_tire,NA
CMW (Tianjin) industry Co.,Toyota family auto part makers,Auto parts,Product,TEDA,,auto_parts,auto_parts,,auto_parts,auto_parts
Takaoka lioho (Tianjin) industries,Toyota family auto part makers,Auto part casts,Product,TEDA,,,auto_parts,,auto_parts,
Tianjin FAW toyota engine Co.,Tianjin FAW toyota motor Co.,Auto engines,Product,TEDA,engine_manufacturer,car_engines,,engine_manufacturer,,car_engines
Tianjin Rainbow Hills cast iron Co.,Other auto die makers,Auto die castings,Product,TEDA,cast_iron,die_casting,,cast_iron,,die_casting
Tianjin Rainbow Hills cast iron Co.,Toyota FAW(tianjin)Dies Co.,Auto die castings,Product,TEDA,cast_iron,die_casting,,cast_iron,,die_casting
Tianjin Toho Lead recycling Co.,Tianjin Tong Yee industrial Co.,Lead alloy,Product,TEDA,lead_recycling,lead_alloy,,lead_recycling,,NA
Tianjin Toyotsu Aluminum smelting,Tianjin FAW toyota engine Co.,Molten aluminum,Product,TEDA,aluminum_electrolysis,molten_aluminum,engine_manufacturer,aluminum_electrolysis,engine_manufacturer,NA
Toyota family auto part makers,Tianjin FAW toyota motor Co.,Auto parts,Product,TEDA,auto_parts,auto_parts,,auto_parts,,auto_parts
Toyota FAW(tianjin)Dies Co.,Other toyota family firms,Automotive stamping dies,Product,TEDA,,stamping_die,,,,stamping_die
Toyota FAW(tianjin)Dies Co.,Tianjin FAW toyota motor Co.,Automotive stamping dies,Product,TEDA,,stamping_die,,,,stamping_die
Organic composting plant,Farmland,Organic fertilizer,Product,TEDA,aerobic_composting,organic_fertilizer,farmland,aerobic_composting,NA,NA
Organic composting plant,TEDA eco-landscaping Co.,Organic fertilizer,Product,TEDA,aerobic_composting,organic_fertilizer,,aerobic_composting,,NA
