"","aerobic_composting","aluminum_electrolysis","cast_iron","cement_mill","cogeneration_plant","construction_companies","feed_mill","lead_recycling","rubber_product","wastewater_treatment_plant"
"aluminum_scrap",0,0,0,0,0,0,0,0,0,0
"effluent_sludge",0,0,0,0,0,0,0,0,0,0
"electronic_waste",0,0,0,0,0,0,0,0,0,0
"electroplating_sludge",0,0,0,0,0,0,0,0,0,0
"fermentation_residues",0,0,0,0,0,0,0,0,0,0
"flue_gas",0,0.219393275878691,0,0.0448979612687335,-0.00186507783525572,0,0,0,0,0
"fly_ash",0,0,-0.00698058204551015,0.0177214910348001,-0.107386334343819,0,0,0,0,-0.266522701023251
"food_residues",0,0,0,0,0,0,0,0,0,0.0488831154797571
"galvanized_scrap",0,0,0,0,0,0,0,0,0,0
"lead_scrap",0,0,0,0,0,0,0,0,0,0
"lead_slag",0,0,0,0,0,0,0,0,0,0
"rubber_scraps",0,0,0,0,0,0,0,0,0,0
"sewage",0.0887244151542443,0,0,0,0,0,0,0,0,0.00495715128917197
"spent_lead_acid_batteries",0,0,0,0,0,0,0,0,0,0
"steel_scrap",0,0,0.45230082167174,0,0,0,0,0,0,0
