"","aerobic_composting","aluminum_electrolysis","cast_iron","cement_mill","cogeneration_plant","construction_companies","feed_mill","lead_recycling","rubber_product","wastewater_treatment_plant"
"aluminum_scrap",0,1,0,0,0,0,0,0,0,0
"effluent_sludge",0,0,0,1,0,0,0,0,0,0
"electronic_waste",0,0,0,0,0,0,0,0,0,0
"electroplating_sludge",0,0,0,0,0,0,0,0,0,0
"fermentation_residues",1,0,0,0,0,0,0,0,0,0
"flue_gas",0,0,0,0,1,0,0,0,0,0
"fly_ash",0,0,0,0,0,1,0,0,0,0
"food_residues",0,0,0,0,0,0,1,0,0,0
"galvanized_scrap",0,0,1,0,0,0,0,0,0,0
"lead_scrap",0,0,0,0,0,0,0,1,0,0
"lead_slag",0,0,0,1,0,0,0,0,0,0
"rubber_scraps",0,0,0,0,0,0,0,0,1,0
"sewage",0,0,0,0,0,0,0,0,0,1
"spent_lead_acid_batteries",0,0,0,0,0,0,0,1,0,0
"steel_scrap",0,0,0,0,0,0,0,0,0,0
